体力虚b,0
c2340,To：Be Continued,1008440,MAS,
c2338,Disruptor Array,1009626,MAS,
c2140,ピアノ協奏曲第１番”蠍火”,1007213,MAS,
c2579,ラストピースに祝福と栄光を,1007206,MAS,
c788,Rebellion,1007561,MAS,
c2233,Λzure Vixen,1007120,MAS,
c2410,Invisible Frenzy,1008433,MAS,
c465,macrocosmos,1006910,MAS,
c1017,ANU,1007348,MAS,
c1066,Blazing:Storm,1009699,MAS,
c2538,Longinus,1009202,MAS,
c317,Air,1008978,ULT,
c2398,neu,1008919,MAS,
c981,小悪魔の遊園地,1008912,MAS,
c559,otorii INNOVATED -[i]3-,1007956,MAS,
c893,Giselle,1008889,MAS,
c232,Elemental Creation,1008814,ULT,
c2210,Scythe of Death,1008887,MAS,
c1010,Viyella's Tears,1008733,MAS,
c1106,アポカリプスに反逆の焔を焚べろ,1008729,MAS,
c258,TiamaT:F minor,1007703,MAS,
c328,★LittlE HearTs★,1008694,MAS,
c2208,Reverberate,1008677,MAS,
c409,Finite,1008620,MAS,
c2053,雪男,1007665,MAS,
c2218,Re：End of a Dream,1008513,MAS,
c619,End Time,1009410,MAS,
c2034,A Site De La Rue,1008492,MAS,
c2400,LAMIA,1007450,MAS,
c2554,MarbleBlue.,1008324,MAS,
c2533,ΩΩPARTS,1008315,MAS,
c2288,Armageddon,1008308,MAS,
c2060,蜘蛛の糸,1007421,MAS,
c187,患部で止まってすぐ溶ける～狂気の優曇華院,1008242,ULT,
c2300,Odin,1008817,MAS,
c2353,幻想即興曲,1008105,MAS,
c1043,Lemegeton -little key of solomon-,1009672,MAS,
c999,AttraqtiA,1009578,MAS,
c1092,真千年女王,1009306,MAS,
c2444,Cult future,1009272,MAS,
c538,AMAZING MIGHTYYYY!!!!,1009132,MAS,
c2384,Exitium,1009005,MAS,
c2229,QZKago Requiem,1009263,MAS,
c617,Surveiller et punir,1007949,MAS,
c787,GIGA DRIVE,1007918,MAS,
c927,MARENOL,1008803,MAS,
c2171,Titania,1008605,MAS,
c469,Xevel,1007528,MAS,
c2199,A Man In The Mirror,1007505,MAS,
c959,Blackmagik Blazing,1008482,MAS,
c2336,盟月,1008430,MAS,
c2161,POTENTIAL,1006477,MAS,
c1107,AstrøNotes.,1008368,MAS,
c835,Trackless wilderness,1008354,MAS,
c700,夕焼けのRed Parade,1008299,MAS,
c2351,Sheriruth,1008296,MAS,
c1055,Wizdomiot,1008182,MAS,
c137,Angel dust,1008020,MAS,
c45,L9,1007903,ULT,
c2038,SINister Evolution,1007781,MAS,
c466,Iudicium,1007743,MAS,
c1078,Elemental Ethnic,1007597,MAS,
c196,FREEDOM DiVE,1007574,MAS,
c978,Ascension to Heaven,1007557,MAS,
c118,腐れ外道とチョコレゐト,1008476,ULT,
c2126,Tuk Tuk Boshi,1008382,MAS,
c749,Fracture Ray,1008320,MAS,
c994,Last Celebration,1007917,MAS,
c486,VERTeX,1007849,MAS,
c806,水晶世界 ～Fracture～,1007673,MAS,
c762,Everlasting Today,1007553,MAS,
c670,GERBERA,1009569,MAS,
c2035,XL TECHNO -More Dance Remix-,2147483647,MAS,
c863,AXION,1008091,MAS,
c1094,[CRYSTAL_ACCESS],1008065,MAS,
c1058,the EmpErroR,1006775,MAS,
c669,ouroboros -twin stroke of the end-,1007215,MAS,
c232,Elemental Creation,1006233,ULT,
c1100,TECHNOPOLIS 2085,1008836,MAS,
c7,初音ミクの消失,1008823,MAS,
c389,Name of oath,1007964,MAS,
c713,larva,1007220,MAS,
c281,ラクガキスト,1008487,MAS,
c972,宿星審判,1002406,MAS,
c322,Imperishable Night 2006 (2016 Refine),1006696,MAS,
c144,Aragami,1006315,MAS,
c749,Fracture Ray,1005820,MAS,
c997,Cyaegha,1007988,MAS,
c730,Ai Nov,1005689,MAS,
c753,Pure Ruby,1007542,MAS,
c2089,Love & Justice,1003652,MAS,
c752,CO5M1C R4ILR0AD,1008534,MAS,
c2407,Makear,1005906,MAS,
c2477,sølips,1007658,MAS,
c2485,Singularity,1009246,MAS,
c2597,Stardust:RAY,1007842,MAS,
c2442,βlαnoir,1008026,MAS,
c2593,Rrhar'il,1008845,MAS,
c2582,Ultimate Force,1005887,MAS,
c2241,DA'AT -The First Seeker of Souls-,1007493,MAS,
c881,Trrricksters!!,1007564,MAS,
