str,0
c2339,Daphnis,2020000,ULT,
c1086,祈 -我ら神祖と共に歩む者なり-,2020000,ULT,
c982,The Metaverse -First story of the SeelischTact-,2020000,ULT,
c2240,MALKUTH -The Last Ruler of Terrestrials-,2020000,ULT,
c3,B.B.K.K.B.K.K.,2020000,ULT,
c6,Reach For The Stars,2020000,ULT,
c7,初音ミクの消失,2020000,ULT,
c18,千本桜,2020000,ULT,
c19,DRAGONLADY,2020000,ULT,
c20,taboo tears you up,2020000,ULT,
c21,ナイト・オブ・ナイツ,2020000,ULT,
c23,一触即発☆禅ガール,2020000,ULT,
c24,ドーナツホール,2020000,ULT,
c27,タイガーランペイジ,2020000,ULT,
c33,Blue Noise,2020000,ULT,
c35,Lapis,2020000,ULT,
c37,鳥の詩,2020000,ULT,
c38,天ノ弱,2020000,ULT,
c41,sweet little sister,2020000,ULT,
c45,L9,2020000,ULT,
c46,Bad Apple!! feat.nomico,2020000,ULT,
c47,六兆年と一夜物語,2020000,ULT,
c48,Unlimited Spark!,2020000,ULT,
c49,エピクロスの虹はもう見えない,2020000,ULT,
c51,My First Phone,2020000,ULT,
c52,Cyberozar,2020000,ULT,
c53,Teriqma,2020000,ULT,
c59,Invitation,2020000,ULT,
c61,GOLDEN RULE,2020000,ULT,
c62,名も無い鳥,2020000,ULT,
c63,Gate of Fate,2020000,ULT,
c64,今ぞ♡崇め奉れ☆オマエらよ！！～姫の秘メタル渇望～,2020000,ULT,
c65,Anemone,2020000,ULT,
c66,明るい未来,2020000,ULT,
c67,昵懇レファレンス,2020000,ULT,
c68,乗り切れ受験ウォーズ,2020000,ULT,
c69,The wheel to the right,2020000,ULT,
c70,STAR,2020000,ULT,
c71,Infantoon Fantasy,2020000,ULT,
c72,Genesis,2020000,ULT,
c73,MUSIC PЯAYER,2020000,ULT,
c74,リリーシア,2020000,ULT,
c75,Counselor,2020000,ULT,
c76,luna blu,2020000,ULT,
c77,ケモノガル,2020000,ULT,
c79,ＧＯ！ＧＯ！ラブリズム♥,2020000,ULT,
c80,Grab your sword,2020000,ULT,
c82,Memories of Sun and Moon,2020000,ULT,
c83,ロストワンの号哭,2020000,ULT,
c88,The Concept of Love,2020000,ULT,
c89,JET,2020000,ULT,
c90,L'épisode,2020000,ULT,
c91,Yet Another ”drizzly rain”,2020000,ULT,
c92,最終鬼畜妹・一部声,2020000,ULT,
c93,蒼空に舞え、墨染の桜,2020000,ULT,
c94,セツナトリップ,2020000,ULT,
c95,砂漠のハンティングガール♡,2020000,ULT,
c96,チルノのパーフェクトさんすう教室,2020000,ULT,
c97,"Help me, ERINNNNNN!!",2020000,ULT,
c98,魔理沙は大変なものを盗んでいきました,2020000,ULT,
c99,言ノ葉カルマ,2020000,ULT,
c100,After the rain,2020000,ULT,
c101,Tango Rouge,2020000,ULT,
c102,Tuning Rangers,2020000,ULT,
c103,エンドマークに希望と涙を添えて,2020000,ULT,
c104,とーきょー全域★アキハバラ？,2020000,ULT,
c105,overcome,2020000,ULT,
c106,宛城、炎上！！,2020000,ULT,
c107,We Gonna Journey,2020000,ULT,
c108,The ether,2020000,ULT,
c113,ストリーミングハート,2020000,ULT,
c114,Sweet Devil,2020000,ULT,
c115,Dreaming,2020000,ULT,
c117,M.S.S.Planet,2020000,ULT,
c118,腐れ外道とチョコレゐト,2020000,ULT,
c119,アウターサイエンス,2020000,ULT,
c120,四次元跳躍機関,2020000,ULT,
c121,東方妖々夢 ～the maximum moving about～,2020000,ULT,
c122,少女幻葬戦慄曲　～　Necro Fantasia,2020000,ULT,
c123,橙の幻想郷音頭,2020000,ULT,
c128,The Formula,2020000,ULT,
c131,チルドレンレコード,2020000,ULT,
c132,イカサマライフゲイム,2020000,ULT,
c133,シリョクケンサ,2020000,ULT,
c134,HAELEQUIN (Original Remaster),2020000,ULT,
c135,Vallista,2020000,ULT,
c136,Äventyr,2020000,ULT,
c137,Angel dust,2020000,ULT,
c138,conflict,2020000,ULT,
c140,Guilty,2020000,ULT,
c141,閃鋼のブリューナク,2020000,ULT,
c142,Altale,2020000,ULT,
c143,ODDS&ENDS,2020000,ULT,
c144,Aragami,2020000,ULT,
c145,Change Our MIRAI！,2020000,ULT,
c146,夕暮れワンルーム,2020000,ULT,
c147,こころここから,2020000,ULT,
c148,Theme of SeelischTact,2020000,ULT,
c149,緋色のDance,2020000,ULT,
c150,brilliant better,2020000,ULT,
c151,Alma,2020000,ULT,
c152,Gustav Battle,2020000,ULT,
c156,FREELY TOMORROW,2020000,ULT,
c157,ギガンティックO.T.N,2020000,ULT,
c158,フォルテシモBELL,2020000,ULT,
c159,ジングルベル,2020000,ULT,
c160,言ノ葉遊戯,2020000,ULT,
c161,私の中の幻想的世界観及びその顕現を想起させたある現実での出来事に関する一考察,2020000,ULT,
c163,幾四音-Ixion-,2020000,ULT,
c165,ぼくらの16bit戦争,2020000,ULT,
c166,裏表ラバーズ,2020000,ULT,
c167,脳漿炸裂ガール,2020000,ULT,
c168,ネトゲ廃人シュプレヒコール,2020000,ULT,
c169,elegante,2020000,ULT,
c170,DETARAME ROCK&ROLL THEORY,2020000,ULT,
c171,XL TECHNO,2020000,ULT,
c173,Halcyon,2020000,ULT,
c177,Jimang Shot,2020000,ULT,
c178,stella=steLLa,2020000,ULT,
c179,すろぉもぉしょん,2020000,ULT,
c180,怒槌,2020000,ULT,
c181,ユクエシレズ,2020000,ULT,
c186,ってゐ！　～えいえんてゐVer～,2020000,ULT,
c187,患部で止まってすぐ溶ける～狂気の優曇華院,2020000,ULT,
c189,ひれ伏せ愚民どもっ！,2020000,ULT,
c190,エテルニタス・ルドロジー,2020000,ULT,
c191,幽闇に目醒めしは,2020000,ULT,
c192,Starlight Vision,2020000,ULT,
c193,Club Ibuki in Break All,2020000,ULT,
c194,Phantasm Brigade,2020000,ULT,
c195,永遠のメロディ,2020000,ULT,
c196,FREEDOM DiVE,2020000,ULT,
c197,Jack-the-Ripper◆,2020000,ULT,
c198,AVALON,2020000,ULT,
c199,ハート・ビート,2020000,ULT,
c200,無敵We are one!!,2020000,ULT,
c201,Contrapasso -inferno-,2020000,ULT,
c202,GEMINI -C-,2020000,ULT,
c203,FLOWER,2020000,ULT,
c204,ちくわパフェだよ☆CKP,2020000,ULT,
c205,SNIPE WHOLE,2020000,ULT,
c208,SAMBISTA,2020000,ULT,
c210,アスノヨゾラ哨戒班,2020000,ULT,
c211,天樂,2020000,ULT,
c212,いろは唄,2020000,ULT,
c213,星屑ユートピア,2020000,ULT,
c216,放課後革命,2020000,ULT,
c217,楽園ファンファーレ,2020000,ULT,
c218,サウンドプレイヤー,2020000,ULT,
c219,玩具狂奏曲 -終焉-,2020000,ULT,
c220,如月アテンション,2020000,ULT,
c222,Mr. Wonderland,2020000,ULT,
c223,カミサマネジマキ,2020000,ULT,
c224,恋愛裁判,2020000,ULT,
c225,ウミユリ海底譚,2020000,ULT,
c226,Garakuta Doll Play,2020000,ULT,
c227,洗脳,2020000,ULT,
c228,このふざけた素晴らしき世界は、僕の為にある,2020000,ULT,
c229,紅華刑,2020000,ULT,
c230,Hyperion,2020000,ULT,
c232,Elemental Creation,2020000,ULT,
c233,アルストロメリア,2020000,ULT,
c234,Devastating Blaster,2020000,ULT,
c240,夜咄ディセイブ,2020000,ULT,
c244,回レ！雪月花,2020000,ULT,
c245,"Help me, あーりん！",2020000,ULT,
c246,なるとなぎのパーフェクトロックンロール教室,2020000,ULT,
c248,Schrecklicher Aufstand,2020000,ULT,
c249,ドライヴ・オン・ザ・レインボー,2020000,ULT,
c250,Philosopher,2020000,ULT,
c251,Crazy ∞ nighT,2020000,ULT,
c252,愛迷エレジー,2020000,ULT,
c253,Warcry,2020000,ULT,
c254,その群青が愛しかったようだった,2020000,ULT,
c256,札付きのワル　～マイケルのうた～,2020000,ULT,
c257,BOKUTO,2020000,ULT,
c258,TiamaT:F minor,2020000,ULT,
c259,Oshama Scramble! (Cranky Remix),2020000,ULT,
c260,D.E.A.D.L.Y.,2020000,ULT,
c261,ロボットプラネットユートピア,2020000,ULT,
c262,Tidal Wave,2020000,ULT,
c263,Hand in Hand,2020000,ULT,
c264,My Dearest Song,2020000,ULT,
c265,猫祭り,2020000,ULT,
c266,ゲシュタルト！テスト期間！！,2020000,ULT,
c267,心象蜃気楼,2020000,ULT,
c268,Bang Babang Bang!!!,2020000,ULT,
c270,エンヴィキャットウォーク,2020000,ULT,
c271,鬼KYOKAN,2020000,ULT,
c272,有頂天ビバーチェ,2020000,ULT,
c273,ビバハピ,2020000,ULT,
c274,願い星,2020000,ULT,
c275,愛言葉,2020000,ULT,
c276,後夜祭,2020000,ULT,
c277,TRUST,2020000,ULT,
c278,からくりピエロ,2020000,ULT,
c279,深海少女,2020000,ULT,
c280,リモコン,2020000,ULT,
c281,ラクガキスト,2020000,ULT,
c282,アカツキアライヴァル,2020000,ULT,
c283,神曲,2020000,ULT,
c284,幸せになれる隠しコマンドがあるらしい,2020000,ULT,
c285,メルト,2020000,ULT,
c286,Tell Your World,2020000,ULT,
c287,ロミオとシンデレラ,2020000,ULT,
c288,First Twinkle,2020000,ULT,
c289,ウソラセラ,2020000,ULT,
c290,檄!帝国華撃団,2020000,ULT,
c291,Kronos,2020000,ULT,
c292,月に叢雲華に風,2020000,ULT,
c293,インビジブル,2020000,ULT,
c294,人生リセットボタン,2020000,ULT,
c295,響,2020000,ULT,
c297,風仁雷仁,2020000,ULT,
c298,PRIVATE SERVICE,2020000,ULT,
c300,No Routine,2020000,ULT,
c301,白い雪のプリンセスは,2020000,ULT,
c302,Strahv,2020000,ULT,
c303,Dreams Dreams:Kids Ver.,2020000,ULT,
c304,In The Blue Sky '01,2020000,ULT,
c305,幻想のサテライト,2020000,ULT,
c306,凛として咲く花の如く,2020000,ULT,
c307,Paqqin,2020000,ULT,
c310,覚醒楽奏メタフィクション,2020000,ULT,
c316,みくみくにしてあげる♪【してやんよ】,2020000,ULT,
c317,Air,2020000,ULT,
c318,DataErr0r,2020000,ULT,
c319,Say A Vengeance,2020000,ULT,
c320,010,2020000,ULT,
c321,ERIS -Legend of Gaidelia-,2020000,ULT,
c322,Imperishable Night 2006 (2016 Refine),2020000,ULT,
c323,Dreadnought,2020000,ULT,
c324,STAGER,2020000,ULT,
c325,Her Majesty,2020000,ULT,
c326,Sakura Fubuki,2020000,ULT,
c327,JULIAN,2020000,ULT,
c328,★LittlE HearTs★,2020000,ULT,
c329,STAIRWAY TO GENERATION,2020000,ULT,
c330,ドキドキDREAM!!!,2020000,ULT,
c331,猛進ソリストライフ！,2020000,ULT,
c332,空威張りビヘイビア,2020000,ULT,
c333,Oshama Scramble!,2020000,ULT,
c334,FLOATED CALM,2020000,ULT,
c335,Supersonic Generation,2020000,ULT,
c336,シジョウノコエ VOCALO ver.,2020000,ULT,
c337,Tic Tac DREAMIN’,2020000,ULT,
c338,SPICY SWINGY STYLE,2020000,ULT,
c339,RevolutionGame,2020000,ULT,
c340,Still,2020000,ULT,
c341,おまかせ！！トラブルメイ娘☆とれびちゃん,2020000,ULT,
c342,オススメ☆♂♀☆でぃすとぴあ,2020000,ULT,
c343,Daydream café,2020000,ULT,
c354,ラブリー☆えんじぇる!!,2020000,ULT,
c362,Face of Fact,2020000,ULT,
c363,true my heart -Lovable mix-,2020000,ULT,
c365,桜ノ雨,2020000,ULT,
c367,いーあるふぁんくらぶ,2020000,ULT,
c368,おこちゃま戦争,2020000,ULT,
c369,エイリアンエイリアン,2020000,ULT,
c370,虎視眈々,2020000,ULT,
c371,アンハッピーリフレイン,2020000,ULT,
c372,すきなことだけでいいです,2020000,ULT,
c373,デリヘル呼んだら君が来た,2020000,ULT,
c374,チュルリラ・チュルリラ・ダッダッダ！,2020000,ULT,
c375,だんだん早くなる,2020000,ULT,
c376,ECHO,2020000,ULT,
c377,泡沫、哀のまほろば,2020000,ULT,
c379,愛き夜道 feat. ランコ、雨天決行,2020000,ULT,
c380,Starlight Dance Floor,2020000,ULT,
c381,Witches night,2020000,ULT,
c382,"Help me, ERINNNNNN!! -Cranky remix-",2020000,ULT,
c383,仙酌絶唱のファンタジア,2020000,ULT,
c384,キュアリアス光吉古牌　－祭－,2020000,ULT,
c385,Evans,2020000,ULT,
c386,神威,2020000,ULT,
c388,GOODTEK,2020000,ULT,
c389,Name of oath,2020000,ULT,
c390,Bird Sprite,2020000,ULT,
c391,オモイヨシノ,2020000,ULT,
c393,Dengeki Tube,2020000,ULT,
c394,若い力 -SEGA HARD GIRLS MIX-,2020000,ULT,
c395,レッツゴー!陰陽師,2020000,ULT,
c396,あねぺったん,2020000,ULT,
c397,Like the Wind [Reborn],2020000,ULT,
c398,天国と地獄 -言ノ葉リンネ-,2020000,ULT,
c399,最愛テトラグラマトン,2020000,ULT,
c402,悪戯,2020000,ULT,
c403,りばーぶ,2020000,ULT,
c404,Barbed Eye,2020000,ULT,
c405,分からない,2020000,ULT,
c406,相思創愛,2020000,ULT,
c407,混沌を越えし我らが神聖なる調律主を讃えよ,2020000,ULT,
c409,Finite,2020000,ULT,
c411,地球最後の告白を,2020000,ULT,
c413,The wheel to the Night ～インド人が夢に!?～,2020000,ULT,
c414,We Gonna Party -Feline Groove Mix-,2020000,ULT,
c416,Through The Tower,2020000,ULT,
c421,前前前世,2020000,ULT,
c426,華鳥風月,2020000,ULT,
c427,儚きもの人間,2020000,ULT,
c428,Aleph-0,2020000,ULT,
c429,Black Lotus,2020000,ULT,
c430,ＧＯ！ＧＯ！ラブリズム♥ ～あーりん書類審査通過記念Ver.～,2020000,ULT,
c431,Session High⤴,2020000,ULT,
c432,光線チューニング,2020000,ULT,
c433,立川浄穢捕物帳,2020000,ULT,
c434,眠れぬ夜君を想フ,2020000,ULT,
c435,JIGOKU STATION CENTRAL GATE,2020000,ULT,
c436,PinqPiq,2020000,ULT,
c437,トリスメギストス,2020000,ULT,
c438,WE GOTTA SOUL,2020000,ULT,
c439,哀しみ集め,2020000,ULT,
c440,キラメケ→Shoot it Now!,2020000,ULT,
c441,Kattobi KEIKYU Rider,2020000,ULT,
c442,Glorious Crown (tpz over-Over-OVERCUTE REMIX),2020000,ULT,
c444,エレクトロサチュレイタ,2020000,ULT,
c445,Palette,2020000,ULT,
c446,アマツキツネ,2020000,ULT,
c447,パーフェクト生命,2020000,ULT,
c448,のぼれ！すすめ！高い塔,2020000,ULT,
c449,害虫,2020000,ULT,
c455,Vampire,2020000,ULT,
c456,ケロ⑨destiny,2020000,ULT,
c457,Last Moments,2020000,ULT,
c458,風に乗せた願い,2020000,ULT,
c459,天狗の落とし文 feat. ｙｔｒ,2020000,ULT,
c460,星色夜空,2020000,ULT,
c462,物凄い勢いでけーねが物凄いうた,2020000,ULT,
c463,Wake up Dreamer,2020000,ULT,
c464,World Vanquisher,2020000,ULT,
c465,macrocosmos,2020000,ULT,
c466,Iudicium,2020000,ULT,
c467,Twice up Scenery,2020000,ULT,
c468,奏者はただ背中と提琴で語るのみ,2020000,ULT,
c469,Xevel,2020000,ULT,
c470,セイクリッド　ルイン,2020000,ULT,
c471,極圏,2020000,ULT,
c472,Scarlet Lance,2020000,ULT,
c475,ホシトハナ,2020000,ULT,
c476,Just Be Friends,2020000,ULT,
c477,炉心融解,2020000,ULT,
c478,Fire◎Flower,2020000,ULT,
c479,卑怯戦隊うろたんだー,2020000,ULT,
c481,イロトリドリのメロディ,2020000,ULT,
c482,セハガガガンバッちゃう！！,2020000,ULT,
c483,Burning Hearts ～炎のANGEL～,2020000,ULT,
c485,Our Fighting,2020000,ULT,
c486,VERTeX,2020000,ULT,
c487,-OutsideR:RequieM-,2020000,ULT,
c488,夢と夢～あの日のメロディ～,2020000,ULT,
c489,La Baguette Magique,2020000,ULT,
c490,bubble attack,2020000,ULT,
c491,The Darkness of Valhalla,2020000,ULT,
c492,時の冒険者,2020000,ULT,
c493,Rendezvous,2020000,ULT,
c494,EXECUTOR,2020000,ULT,
c496,Hyper Active,2020000,ULT,
c497,L'épilogue,2020000,ULT,
c498,D✪N’T ST✪P R✪CKIN’ ～[✪_✪] MIX～,2020000,ULT,
c499,Caliburne ～Story of the Legendary sword～,2020000,ULT,
c500,プリズム,2020000,ULT,
c502,Clover Heart's,2020000,ULT,
c503,スイートマジック,2020000,ULT,
c504,Calamity Fortune,2020000,ULT,
c505,Melody！,2020000,ULT,
c506,G e n g a o z o,2020000,ULT,
c511,サイバーサンダーサイダー,2020000,ULT,
c512,フラジール,2020000,ULT,
c513,Absolunote,2020000,ULT,
c514,木彫り鯰と右肩ゾンビ,2020000,ULT,
c515,ヒビカセ,2020000,ULT,
c516,WAVE,2020000,ULT,
c517,高気圧ねこロック,2020000,ULT,
c524,ETERNAL DRAIN,2020000,ULT,
c525,Paradisus-Paradoxum,2020000,ULT,
c528,チルノのパーフェクトさんすう教室　⑨周年バージョン,2020000,ULT,
c532,Cosmic twinkle star,2020000,ULT,
c533,終わりなき物語,2020000,ULT,
c534,BlazinG AIR,2020000,ULT,
c535,Change me,2020000,ULT,
c538,AMAZING MIGHTYYYY!!!!,2020000,ULT,
c540,砂の惑星 feat. HATSUNE MIKU,2020000,ULT,
c547,拝啓ドッペルゲンガー,2020000,ULT,
c548,Doppelganger,2020000,ULT,
c549,色は匂へど散りぬるを,2020000,ULT,
c550,ポルカドット,2020000,ULT,
c551,Sparking Revolver,2020000,ULT,
c552,Gate of Doom,2020000,ULT,
c553,ダンスロボットダンス,2020000,ULT,
c554,アルカリレットウセイ,2020000,ULT,
c555,キレキャリオン,2020000,ULT,
c556,グラーヴェ,2020000,ULT,
c557,レトロマニア狂想曲,2020000,ULT,
c558,イロドリミドリ杯花映塚全一決定戦公式テーマソング『ウソテイ』,2020000,ULT,
c559,otorii INNOVATED -[i]3-,2020000,ULT,
c560,未来イマジネーション！,2020000,ULT,
c561,純情-SAKURA-,2020000,ULT,
c562,青春サイダー,2020000,ULT,
c564,Very! Merry!! Session!!!,2020000,ULT,
c565,popcorn,2020000,ULT,
c566,Pastel Party,2020000,ULT,
c567,はちみつアドベンチャー,2020000,ULT,
c568,CHOCOLATE BOMB!!!!,2020000,ULT,
c569,Twilight,2020000,ULT,
c570,ねぇ、壊れタ人形ハ何処へ棄テらレるノ？,2020000,ULT,
c572,WARNING×WARNING×WARNING,2020000,ULT,
c573,Grip & Break down !!,2020000,ULT,
c574,ネ！コ！,2020000,ULT,
c575,マトリョシカ,2020000,ULT,
c577,ゴーゴー幽霊船,2020000,ULT,
c578,La Flesvelka,2020000,ULT,
c583,碧き孤島のアングゥィス,2020000,ULT,
c585,ラブって♡ジュエリー♪えんじぇる☆ブレイク！！,2020000,ULT,
c586,ぶれいくるみるくらぶ！,2020000,ULT,
c587,クレッシェンド・ストーリー,2020000,ULT,
c588,Sentimental Snow,2020000,ULT,
c589,サンシャインサマー☆夏期講習,2020000,ULT,
c590,"NYAN-NYA, More! ラブシャイン、Chu♥",2020000,ULT,
c592,厨病激発ボーイ,2020000,ULT,
c593,StargazeR,2020000,ULT,
c594,ゴーストルール,2020000,ULT,
c595,頓珍漢の宴,2020000,ULT,
c597,TOMORROW,2020000,ULT,
c598,Super Lovely (Heavenly Remix),2020000,ULT,
c599,Chocolate Happy,2020000,ULT,
c600,管弦楽組曲 第3番 ニ長調「第2曲（G線上のアリア）」BWV.1068-2,2020000,ULT,
c601,ここで一席！　Oshama Scramble!,2020000,ULT,
c604,ウサテイ,2020000,ULT,
c605,Scream out! -CHUNITHM Tuning-,2020000,ULT,
c606,Spring of Dreams,2020000,ULT,
c607,Floating Darkness,2020000,ULT,
c614,Change Our MIRAI！ (Our 7 Lights),2020000,ULT,
c615,Dual Fractal,2020000,ULT,
c616,Drivessover,2020000,ULT,
c617,Surveiller et punir,2020000,ULT,
c618,業 -善なる神とこの世の悪について-,2020000,ULT,
c619,End Time,2020000,ULT,
c625,volcanic,2020000,ULT,
c626,アンノウン・マザーグース,2020000,ULT,
c627,ゆけむり魂温泉 II,2020000,ULT,
c628,サドマミホリック,2020000,ULT,
c629,Candyland Symphony,2020000,ULT,
c631,初音ミクの激唱,2020000,ULT,
c632,つるぺったん,2020000,ULT,
c633,咲キ誇レ常世ノ華,2020000,ULT,
c635,チルノおかんのさいきょう☆バイブスごはん,2020000,ULT,
c636,放課後ストライド,2020000,ULT,
c637,きゅうりバーにダイブ,2020000,ULT,
c638,むしとりのうた,2020000,ULT,
c653,ミリオン／ワンズ,2020000,ULT,
c654,ブリキノダンス,2020000,ULT,
c655,フリィダム ロリィタ,2020000,ULT,
c656,DAYBREAK FRONTLINE,2020000,ULT,
c657,バレリーコ,2020000,ULT,
c658,おちゃめ機能,2020000,ULT,
c659,輪廻転生,2020000,ULT,
c660,シャルル,2020000,ULT,
c662,地獄の端にて君を待つ,2020000,ULT,
c663,聖少女サクリファイス,2020000,ULT,
c664,究極焼肉レストラン！お燐の地獄亭！,2020000,ULT,
c665,WARNING!,2020000,ULT,
c666,Paranoia,2020000,ULT,
c667,ナイト・オブ・ナイツ (Cranky Remix),2020000,ULT,
c668,Brain Power,2020000,ULT,
c669,ouroboros -twin stroke of the end-,2020000,ULT,
c670,GERBERA,2020000,ULT,
c671,Taiko Drum Monster,2020000,ULT,
c676,Nhelv,2020000,ULT,
c677,PUPA,2020000,ULT,
c678,Parousia,2020000,ULT,
c679,Papyrus,2020000,ULT,
c681,Black Lair,2020000,ULT,
c683,オーケー？　オーライ！,2020000,ULT,
c684,Black'n White JAMMIN' CATS,2020000,ULT,
c685,ライトスピード・デイズ,2020000,ULT,
c686,Fire me up,2020000,ULT,
c688,朝焼けプラットホーム,2020000,ULT,
c689,PAST,2020000,ULT,
c690,Blessed,2020000,ULT,
c691,FRIDAY FRIDAY,2020000,ULT,
c692,足立オウフwwww,2020000,ULT,
c693,Seagull,2020000,ULT,
c694,Blaster Heaven,2020000,ULT,
c695,ハートアタック,2020000,ULT,
c696,Summer is over,2020000,ULT,
c697,folern,2020000,ULT,
c698,2DVenture,2020000,ULT,
c699,ぜったい！昇天★鎮魂歌♂,2020000,ULT,
c700,夕焼けのRed Parade,2020000,ULT,
c701,StufeStern,2020000,ULT,
c702,スピカの天秤,2020000,ULT,
c703,涙色メモリア,2020000,ULT,
c704,Magic,2020000,ULT,
c705,男装女形表裏一体発狂小娘の詐称疑惑と苦悩と情熱。,2020000,ULT,
c706,コモリの怪物,2020000,ULT,
c707,中学2年生のアンドロイド,2020000,ULT,
c708,Life,2020000,ULT,
c710,Solstånd,2020000,ULT,
c711,Sqlupp,2020000,ULT,
c712,Climax,2020000,ULT,
c713,larva,2020000,ULT,
c715,CYCLES,2020000,ULT,
c716,夢花火,2020000,ULT,
c717,FEEL the BEATS,2020000,ULT,
c720,ロキ,2020000,ULT,
c721,Innocent Truth,2020000,ULT,
c722,CITRUS MONSTER,2020000,ULT,
c729,サヨナラフリーウェイ,2020000,ULT,
c730,Ai Nov,2020000,ULT,
c731,エンジェデビ,2020000,ULT,
c732,Servant of Love,2020000,ULT,
c733,アイリちゃんは暗黒魔導士!,2020000,ULT,
c734,電光石火,2020000,ULT,
c735,strelitzia,2020000,ULT,
c736,サヨナラチェーンソー,2020000,ULT,
c737,Seyana. ～何でも言うことを聞いてくれるアカネチャン～,2020000,ULT,
c738,はやくそれになりたい！,2020000,ULT,
c739,ちがう!!!,2020000,ULT,
c740,雨とペトラ,2020000,ULT,
c741,あうんどばいみー,2020000,ULT,
c742,White Traveling Girl,2020000,ULT,
c743,トランスダンスアナーキー,2020000,ULT,
c744,ゴールドビジョン,2020000,ULT,
c745,【東方ニコカラ】秘神マターラ feat.魂音泉【IOSYS】,2020000,ULT,
c746,Ever green Never end,2020000,ULT,
c747,咲かせよ 沸かせよ バンバンBURN！,2020000,ULT,
c749,Fracture Ray,2020000,ULT,
c750,Axium Crisis,2020000,ULT,
c751,Grievous Lady,2020000,ULT,
c752,CO5M1C R4ILR0AD,2020000,ULT,
c753,Pure Ruby,2020000,ULT,
c754,一世嬉遊曲‐ディヴェルティメント‐,2020000,ULT,
c755,恋のチャイム,2020000,ULT,
c756,逃げろ！サテライトキャンパス！！,2020000,ULT,
c757,THE BRASS OF GOODSPEED!!,2020000,ULT,
c760,カゲロウデイズ,2020000,ULT,
c761,妄想感傷代償連盟,2020000,ULT,
c762,Everlasting Today,2020000,ULT,
c763,Distance,2020000,ULT,
c764,Outlaw's Lullaby,2020000,ULT,
c765,The Pursuit of Speed,2020000,ULT,
c766,光線チューニング ～なずな妄想海フェスイメージトレーニングVer.～,2020000,ULT,
c768,39,2020000,ULT,
c771,Funny Funky Freaky,2020000,ULT,
c772,Pangaea,2020000,ULT,
c773,ZEUS,2020000,ULT,
c774,Agitation！,2020000,ULT,
c775,暗晦にハイライト,2020000,ULT,
c776,8-EM,2020000,ULT,
c777,Killing Rhythm,2020000,ULT,
c780,METEOR,2020000,ULT,
c781,ワールズエンド・ダンスホール,2020000,ULT,
c782,Worlds End,2020000,ULT,
c783,Shout Our Evidence!,2020000,ULT,
c784,YURUSHITE,2020000,ULT,
c785,ユメキキョウ,2020000,ULT,
c786,Black Swan Lake,2020000,ULT,
c787,GIGA DRIVE,2020000,ULT,
c788,Rebellion,2020000,ULT,
c791,Doll Judgment,2020000,ULT,
c792,お嫁にしなさいっ！,2020000,ULT,
c793,待チ人ハ来ズ。,2020000,ULT,
c795,命ばっかり,2020000,ULT,
c796,テオ,2020000,ULT,
c797,ハイセンスナンセンス,2020000,ULT,
c798,デンパラダイム,2020000,ULT,
c799,星の器～STAR OF ANDROMEDA,2020000,ULT,
c802,STARTLINER,2020000,ULT,
c803,Vibrant Verve,2020000,ULT,
c804,燃えてもエンジョイ！宛城、炎上！！,2020000,ULT,
c806,水晶世界 ～Fracture～,2020000,ULT,
c807,BlythE,1145141919810,ULT,
c810,UNION,2020000,ULT,
c815,ただ君に晴れ,2020000,ULT,
c816,ナンセンス文学,2020000,ULT,
c817,ロスタイムメモリー,2020000,ULT,
c818,ヒバナ,2020000,ULT,
c819,最終鬼畜妹フランドール・S,2020000,ULT,
c821,"""STAR""T",2020000,ULT,
c822,Excalibur ～Revived resolution～,2020000,ULT,
c823,Opfer,2020000,ULT,
c824,神威 (NAOKI × ZPP MIX),2020000,ULT,
c825,サヴァイバル・キリング・メーカー,2020000,ULT,
c826,ツクヨミステップ,2020000,ULT,
c827,【冒険】イングリット葛西降臨！【実況】,2020000,ULT,
c828,ハジマリノピアノ,2020000,ULT,
c829,レーイレーイ,2020000,ULT,
c830,Surrogate Life,2020000,ULT,
c831,Nijirate Fanatics,2020000,ULT,
c832,Destr0yer,2020000,ULT,
c833,R.I.P.,2020000,ULT,
c834,せかいせいふく！ゆりあちゃん！,2020000,ULT,
c835,Trackless wilderness,2020000,ULT,
c836,absolute rightness,2020000,ULT,
c837,Walzer für das Nichts,2020000,ULT,
c838,Lover's Trick,2020000,ULT,
c839,まごころのカスクルゥト,2020000,ULT,
c840,幾望の月,2020000,ULT,
c841,アカリがやってきたぞっ,2020000,ULT,
c842,おねがいダーリン,2020000,ULT,
c843,リンカーネイション,2020000,ULT,
c844,太陽系デスコ,2020000,ULT,
c845,▲MEW▲△MEW△CAKE,2020000,ULT,
c846,野良猫ハート,2020000,ULT,
c848,進捗どうですか？,2020000,ULT,
c849,単一指向性オーバーブルーム,2020000,ULT,
c850,《混乱》 ～ Muspell,2020000,ULT,
c851,《理想》 ～ Cloudland,2020000,ULT,
c852,《逃避》 ～ The Deserter,2020000,ULT,
c853,《最愛》 ～ Curse,2020000,ULT,
c854,《運命》 ～ Ray of Hope,2020000,ULT,
c856,Star Divine,2020000,ULT,
c858,御旗のもとに,2020000,ULT,
c859,みなえをチェック！,2020000,ULT,
c860,とーきょー全域★アキハバラ？ (ver.にこる),2020000,ULT,
c863,AXION,2020000,ULT,
c865,MEGATON BLAST,2020000,ULT,
c867,結んで開いて羅刹と骸,2020000,ULT,
c868,ダブルラリアット,2020000,ULT,
c869,＊ハロー、プラネット。,2020000,ULT,
c870,magnet,2020000,ULT,
c871,Pump!n,2020000,ULT,
c872,Endless Seeker,2020000,ULT,
c873,STRIPES feat. EL.J (2018 reinterpretation),2020000,ULT,
c874,Cosmic Magic Shooter,2020000,ULT,
c875,神楽,2020000,ULT,
c876,Bad Apple!! feat.nomico (Nhato Remix),2020000,ULT,
c877,ヴンダーカンマー,2020000,ULT,
c878,Destination,2020000,ULT,
c879,Fidget Dancer,2020000,ULT,
c880,Megameteor,2020000,ULT,
c881,Trrricksters!!,2020000,ULT,
c882,Road without Road,2020000,ULT,
c885,Ladymade Star,2020000,ULT,
c886,Memory of Beach,2020000,ULT,
c887,SON OF SUN,2020000,ULT,
c888,Rightfully,2020000,ULT,
c889,巫女みこナース・愛のテーマ,2020000,ULT,
c891,音弾超人ゴリライザー,2020000,ULT,
c893,Giselle,2020000,ULT,
c894,7 colors*,2020000,ULT,
c895,Life is PIANO,2020000,ULT,
c896,タテマエと本心の大乱闘,2020000,ULT,
c897,Zest of Blue,2020000,ULT,
c899,conflict(斉唱),2020000,ULT,
c900,チョウの標本,2020000,ULT,
c901,Be A Shooter！～NORMAL BIG BONUS～,2020000,ULT,
c909,Catch the Wave,2020000,ULT,
c910,Auxesia,2020000,ULT,
c911,Sound Chimera,2020000,ULT,
c912,やらなきゃいけないことばかり,2020000,ULT,
c913,エンドマークに希望と涙を添えて ～イロドリミドリアレンジ～,2020000,ULT,
c914,Secret Sleuth,2020000,ULT,
c915,Ghost Dance,2020000,ULT,
c916,モノクロトワイライト,2020000,ULT,
c917,シャッキーーン！！,2020000,ULT,
c918,《破滅》 ～ Rhapsody for The End,2020000,ULT,
c921,メルティランドナイトメア,2020000,ULT,
c922,絶対にチョコミントを食べるアオイチャン,2020000,ULT,
c923,だれかの心臓になれたなら,2020000,ULT,
c926,Kadenz,2020000,ULT,
c927,MARENOL,2020000,ULT,
c928,Day by Day CRiSiS Songs,2020000,ULT,
c929,Energy Booster ～ 上海紅茶館,2020000,ULT,
c930,7 days a week,2020000,ULT,
c931,メイドと血の懐中時計,2020000,ULT,
c932,ARROW RAIN feat. Ayame,2020000,ULT,
c933,悪戯センセーション,2020000,ULT,
c934,紅き魔汁、闇より降りて天啓の響きを導く,2020000,ULT,
c935,ロング・スロー・アライブ,2020000,ULT,
c936,迷える薔薇に終わらぬ夜を,2020000,ULT,
c937,パームカルマ,2020000,ULT,
c938,Therapeutic Hoedown,2020000,ULT,
c939,バイオレンストリガー,2020000,ULT,
c940,KILLER B,2020000,ULT,
c941,アヤカシ,2020000,ULT,
c942,残響,2020000,ULT,
c943,クレイジー・ビート,2020000,ULT,
c944,felys -final remix-,2020000,ULT,
c945,アフタースクール・エモーション,2020000,ULT,
c946,Jörqer,2020000,ULT,
c947,ちゅんちゅちゅチューン,2020000,ULT,
c948,ドルオタ忍道！楠子ノ巻,2020000,ULT,
c949,エキセントリックコンコン,2020000,ULT,
c950,大天使ユリア★降臨!,2020000,ULT,
c953,グリーンライツ・セレナーデ,2020000,ULT,
c954,ブレス・ユア・ブレス,2020000,ULT,
c955,Jump for Joy,2020000,ULT,
c958,インドア系ならトラックメイカー,2020000,ULT,
c959,Blackmagik Blazing,2020000,ULT,
c960,アイジャストロック,2020000,ULT,
c961,SUPER RESULT BEAT vol.1,2020000,ULT,
c962,檄！帝国華撃団＜新章＞,2020000,ULT,
c966,Jade Star,2020000,ULT,
c967,君と、この瞬間,2020000,ULT,
c968,We Are Us,2020000,ULT,
c969,U ARE,2020000,ULT,
c970,ハードコア・シンドローム,2020000,ULT,
c971,Hainuwele,2020000,ULT,
c972,宿星審判,2020000,ULT,
c973,Perfect Shining!!,2020000,ULT,
c974,みんな Happy!!,2020000,ULT,
c975,Here We Go,2020000,ULT,
c976,P！P！P！P！がおー!!,2020000,ULT,
c978,Ascension to Heaven,2020000,ULT,
c979,Sweet Requiem,2020000,ULT,
c980,レータイスパークEx,2020000,ULT,
c981,小悪魔の遊園地,2020000,ULT,
c983,命に嫌われている,2020000,ULT,
c984,乙女解剖,2020000,ULT,
c987,フィクサー,2020000,ULT,
c988,テリトリーバトル,2020000,ULT,
c989,ROAD TO DREAM,2020000,ULT,
c990,絶対トキメキデリバリー,2020000,ULT,
c991,Yume no hajimari,2020000,ULT,
c992,Hey Yeah!!,2020000,ULT,
c993,B100d Hunter,2020000,ULT,
c994,Last Celebration,2020000,ULT,
c997,Cyaegha,2020000,ULT,
c998,Arcahv,2020000,ULT,
c999,AttraqtiA,2020000,ULT,
c1002,だから僕は音楽を辞めた,2020000,ULT,
c1004,ドラマツルギー,2020000,ULT,
c1005,彗星ハネムーン,2020000,ULT,
c1006,アンクローズ・ヒューマン,2020000,ULT,
c1007,ベノム,2020000,ULT,
c1008,ナイト・オブ・ナイツ (USAO Remix),2020000,ULT,
c1009,Alea jacta est!,2020000,ULT,
c1010,Viyella's Tears,2020000,ULT,
c1011,Paqqin (tpz Despair Remix),2020000,ULT,
c1012,Jack the GAME,2020000,ULT,
c1013,宙の隣,2020000,ULT,
c1014,Just You,2020000,ULT,
c1015,Insane Gamemode,2020000,ULT,
c1016,Parad'ox,2020000,ULT,
c1017,ANU,2020000,ULT,
c1019,愛されなくても君がいる,2020000,ULT,
c1020,ぽかぽかの星,2020000,ULT,
c1021,スターナイトスノウ,2020000,ULT,
c1022,白ゆき,2020000,ULT,
c1023,Shiny Smily Story,2020000,ULT,
c1025,疾走あんさんぶる,2020000,ULT,
c1026,しゅわスパ大作戦☆,2020000,ULT,
c1027,LOVE EAST,2020000,ULT,
c1028,MELtin' 17,2020000,ULT,
c1029,《狂乱》 ～ Cataclysm,2020000,ULT,
c1030,《投影》 ～ Oh My Baby Doll,2020000,ULT,
c1031,《信仰》 ～ Eudaimonia,2020000,ULT,
c1032,《選別》 ～ Refuge,2020000,ULT,
c1033,《本能》 ～ ReCoda,2020000,ULT,
c1035,赤壁、大炎上！！,2020000,ULT,
c1037,Everything For A Reason,2020000,ULT,
c1038,Technicians High,2020000,ULT,
c1039,恋はりんりん☆あーりんベル,2020000,ULT,
c1040,LINK LINK FEVER!!!,2020000,ULT,
c1041,DX超性能フルメタル少女,2020000,ULT,
c1042,SKYSCRAPER,2020000,ULT,
c1043,Lemegeton -little key of solomon-,2020000,ULT,
c1044,BUCHiGiRE Berserker,2020000,ULT,
c1048,ぷよぷよのうた ピコピコミックス,2020000,ULT,
c1055,Wizdomiot,2020000,ULT,
c1056,なんかノイズにきこえる,2020000,ULT,
c1057,Over Heart,2020000,ULT,
c1058,the EmpErroR,2020000,ULT,
c1059,"Good bye, Merry-Go-Round.",2020000,ULT,
c1060,レイニーカラー・ウォーターカラー,2020000,ULT,
c1061,おいでよ！ 高須らいむランド,2020000,ULT,
c1062,Charlatan,2020000,ULT,
c1063,萌豚♥功夫♥大乱舞,2020000,ULT,
c1064,つっぱれ！にゃんきー魂,2020000,ULT,
c1065,"Athlete Killer ""Meteor""",2020000,ULT,
c1066,Blazing:Storm,2020000,ULT,
c1067,アンドロイドガール,2020000,ULT,
c1068,こちら、幸福安心委員会です。,2020000,ULT,
c1069,惑星ループ,2020000,ULT,
c1070,ふぃーばー,2020000,ULT,
c1071,Earthquake Super Shock,2020000,ULT,
c1072,はたてのバッコイ殺人事件,2020000,ULT,
c1073,ポーカーフェイス,2020000,ULT,
c1074,ケ・セラ・セラ奇想曲,2020000,ULT,
c1075,C & B,2020000,ULT,
c1076,月詠に鳴る,2020000,ULT,
c1077,Blessed Rain,2020000,ULT,
c1078,Elemental Ethnic,2020000,ULT,
c1079,X7124,2020000,ULT,
c1080,異世界かるてっと,2020000,ULT,
c1081,正体判明ネームレスガール,2020000,ULT,
c1082,ここからはじまるプロローグ。,2020000,ULT,
c1083,福宿音屋魂音泉,2020000,ULT,
c1084,BLACK ROSE,2020000,ULT,
c1085,BATTLE NO.1,2020000,ULT,
c1087,GAME IS LIFE,2020000,ULT,
c1088,GranFatalité,2020000,ULT,
c1089,SWEET SHAKE!!,2020000,ULT,
c1090,What color...,2020000,ULT,
c1091,クロートーと星の観測者,2020000,ULT,
c1092,真千年女王,2020000,ULT,
c1094,[CRYSTAL_ACCESS],2020000,ULT,
c1096,ベースラインやってる？笑,2020000,ULT,
c1098,董卓討つべし,2020000,ULT,
c1099,セカイはまだ始まってすらいない,2020000,ULT,
c1100,TECHNOPOLIS 2085,2020000,ULT,
c1101,ハルシナイト,2020000,ULT,
c1102,Dark Diver,2020000,ULT,
c1103,Tattoo,2020000,ULT,
c1104,呪歌-JyuKa-,2020000,ULT,
c1105,再生不能,2020000,ULT,
c1106,アポカリプスに反逆の焔を焚べろ,2020000,ULT,
c1107,AstrøNotes.,2020000,ULT,
c2000,No.1,2020000,ULT,
c2001,ザ・ライブ革命でSHOW！,2020000,ULT,
c2002,Yes! Party Time!!,2020000,ULT,
c2006,香水,2020000,ULT,
c2007,猫 ～THE FIRST TAKE ver.～,2020000,ULT,
c2008,インフェルノ,2020000,ULT,
c2009,残酷な天使のテーゼ,2020000,ULT,
c2010,夜に駆ける,2020000,ULT,
c2012,紅,2020000,ULT,
c2013,GO! GO! MANIAC,2020000,ULT,
c2014,廻廻奇譚,2020000,ULT,
c2015,エクストラ・マジック・アワー,2020000,ULT,
c2016,名前のない怪物,2020000,ULT,
c2017,ヴィラン,2020000,ULT,
c2018,KING,2020000,ULT,
c2019,電脳少女は歌姫の夢を見るか？,2020000,ULT,
c2020,心予報,2020000,ULT,
c2021,拝啓、桜舞い散るこの日に,2020000,ULT,
c2022,セカイ,2020000,ULT,
c2023,ローリンガール,2020000,ULT,
c2024,骸骨楽団とリリア,2020000,ULT,
c2025,失敗作少女,2020000,ULT,
c2026,高音厨音域テスト,2020000,ULT,
c2027,深海のリトルクライ feat. 土岐麻子,2020000,ULT,
c2028,ナイト・オブ・ナイツ (かめりあ’s“ワンス・アポン・ア・ナイト”Remix),2020000,ULT,
c2029,Bad Apple!! feat.nomico (REDALiCE Remix),2020000,ULT,
c2030,No Life Queen [DJ Command Remix],2020000,ULT,
c2031,"Little ""Sister"" Bitch",2020000,ULT,
c2032,キャプテン・ムラサのケツアンカー,2020000,ULT,
c2033,ホイホイ☆幻想ホロイズム,2020000,ULT,
c2034,A Site De La Rue,2020000,ULT,
c2035,XL TECHNO -More Dance Remix-,2020000,ULT,
c2036,CHAOS,2020000,ULT,
c2037,二次元ドリームフィーバー,2020000,ULT,
c2038,SINister Evolution,2020000,ULT,
c2039,]-[|/34<#!,2020000,ULT,
c2040,Crimson Phoenix,2020000,ULT,
c2041,8OROCHI,2020000,ULT,
c2042,Satellite System ft.Diana Chiaki,2020000,ULT,
c2043,DAZZLING♡SEASON,2020000,ULT,
c2044,ミュージック・リボルバー,2020000,ULT,
c2045,REDRAVE,2020000,ULT,
c2046,BLUE ZONE,2020000,ULT,
c2047,花たちに希望を,2020000,ULT,
c2048,召しませ！Rock'n Roll Party,2020000,ULT,
c2049,脳天直撃,2020000,ULT,
c2050,封焔の135秒,2020000,ULT,
c2052,UltraNeon,2020000,ULT,
c2053,雪男,2020000,ULT,
c2054,DDDD,2020000,ULT,
c2055,Ring,2020000,ULT,
c2056,Blazing Break,2020000,ULT,
c2057,Give me Love♡,2020000,ULT,
c2058,Crack,2020000,ULT,
c2059,STAR IN THE WORLD,2020000,ULT,
c2060,蜘蛛の糸,2020000,ULT,
c2061,コスモポップファンクラブ,2020000,ULT,
c2062,夢路拍子,2020000,ULT,
c2063,人生攻略☆Tips,2020000,ULT,
c2064,ピュグマリオンの咒文,2020000,ULT,
c2065,創世のコンツェルティーナ,2020000,ULT,
c2066,Fantasm,2020000,ULT,
c2067,Echoes,2020000,ULT,
c2068,Super Kitsch Mode,2020000,ULT,
c2069,Pre Paid Pog Punk Panic,2020000,ULT,
c2070,自分勝手Dazzling,2020000,ULT,
c2071,Utopithm,2020000,ULT,
c2072,妖怪ですから,2020000,ULT,
c2073,Glory Days,2020000,ULT,
c2074,Spiral Fortune,2020000,ULT,
c2075,キズナミュージック♪,2020000,ULT,
c2076,FIRE BIRD,2020000,ULT,
c2077,最強 the サマータイム!!!!!,2020000,ULT,
c2078,I believe what you said,2020000,ULT,
c2079,スーサイドパレヱド,2020000,ULT,
c2080,永遠にゲームで対戦したいキリタン,2020000,ULT,
c2081,アンヘル,2020000,ULT,
c2082,Get a Life！,2020000,ULT,
c2083,ロストワードクロニカル,2020000,ULT,
c2084,Yakumo >>JOINT STRUGGLE (2019 Update),2020000,ULT,
c2085,全力ハッピーライフ,2020000,ULT,
c2086,明星ロケット,2020000,ULT,
c2087,神々が恋した幻想郷,2020000,ULT,
c2089,Love & Justice,2020000,ULT,
c2090,《自戒》 ～ Paganelope,2020000,ULT,
c2091,《紀律》 ～ As One,2020000,ULT,
c2092,《種子》 ～ Set You Free,2020000,ULT,
c2093,《偏愛》 ～ Shattered Memories,2020000,ULT,
c2094,Limits,2020000,ULT,
c2095,天空カフェテリア,2020000,ULT,
c2096,ヒバリ,2020000,ULT,
c2097,Say!ファンファーレ!,2020000,ULT,
c2098,Virtual to LIVE,2020000,ULT,
c2099,Don't Fight The Music,2020000,ULT,
c2100,Realize,2020000,ULT,
c2101,ラグトレイン,2020000,ULT,
c2102,幽霊東京,2020000,ULT,
c2103,ポジティブ・パレード,2020000,ULT,
c2105,Blueprint,2020000,ULT,
c2106,Kattobi舞高Riders,2020000,ULT,
c2107,FLARE,2020000,ULT,
c2108,UTAKATA,2020000,ULT,
c2109,Rule the World!!,2020000,ULT,
c2110,どうぶつ☆パラダイス,2020000,ULT,
c2111,Radiance,2020000,ULT,
c2112,Lost Princess,2020000,ULT,
c2113,Mirage Game,2020000,ULT,
c2114,ルナティックレッドアイズ,2020000,ULT,
c2115,#FairyJoke,2020000,ULT,
c2116,NewStartでReadyGo!,2020000,ULT,
c2117,Qliphothgear,2020000,ULT,
c2118,SQUAD-Phvntom-,2020000,ULT,
c2119,parvorbital,2020000,ULT,
c2120,Inpaqq,2020000,ULT,
c2121,Strange Love,2020000,ULT,
c2122,Akasagarbha -reincarnate-,2020000,ULT,
c2123,なだめスかし Negotiation（TVsize）,2020000,ULT,
c2124,88D,2020000,ULT,
c2125,カラッポ・ノンフィクション,2020000,ULT,
c2126,Tuk Tuk Boshi,2020000,ULT,
c2127,プナイプナイたいそう,2020000,ULT,
c2128,多重未来のカルテット -Quartet Theme-,2020000,ULT,
c2129,Starduster,2020000,ULT,
c2130,崩壊歌姫 -disruptive diva-,2020000,ULT,
c2131,マージナル,2020000,ULT,
c2132,ぽっぴっぽー,2020000,ULT,
c2133,The secret garden,2020000,ULT,
c2134,Iudicium “Apocalypsis Mix”,2020000,ULT,
c2135,IMPACT,2020000,ULT,
c2136,Long shot,2020000,ULT,
c2137,MEGALOVANIA,2020000,ULT,
c2138,NightTheater,2020000,ULT,
c2139,圧　倒　的　存　在　感,2020000,ULT,
c2140,ピアノ協奏曲第１番”蠍火”,2020000,ULT,
c2141,永遠のAria,2020000,ULT,
c2142,うまぴょい伝説,2020000,ULT,
c2143,うっせぇわ,2020000,ULT,
c2144,天火明命,2020000,ULT,
c2145,Blows Up Everything,2020000,ULT,
c2146,Baqeela,2020000,ULT,
c2147,花と、雪と、ドラムンベース。,2020000,ULT,
c2148,グッバイ宣言,2020000,ULT,
c2149,テレキャスタービーボーイ,2020000,ULT,
c2150,ボッカデラベリタ,2020000,ULT,
c2151,ヴァンパイア,2020000,ULT,
c2152,帝国少女,2020000,ULT,
c2153,クーネル・エンゲイザー,2020000,ULT,
c2154,回転 feat.あやぽんず＊,2020000,ULT,
c2155,SOUL 2 DIVIDE,2020000,ULT,
c2156,Cinderella Story [BlackY Remix],2020000,ULT,
c2157,妖々跋扈　～ Who done it！！！,2020000,ULT,
c2158,宵闇の月に抱かれて,2020000,ULT,
c2160,Starting Over,2020000,ULT,
c2161,POTENTIAL,2020000,ULT,
c2162,まっすぐ→→→ストリーム！,2020000,ULT,
c2163,トリドリ⇒モリモリ! Lovely fruits☆,2020000,ULT,
c2164,夜明けのストリング,2020000,ULT,
c2165,Valsqotch,2020000,ULT,
c2166,違う、そうじゃない,2020000,ULT,
c2167,俺ら東京さ行ぐだ,2020000,ULT,
c2168,J219,2020000,ULT,
c2169,CAT'S EYE,2020000,ULT,
c2170,ヤミツキ,2020000,ULT,
c2171,Titania,2020000,ULT,
c2172,Cry Baby,2020000,ULT,
c2173,怪物,2020000,ULT,
c2174,明け星,2020000,ULT,
c2175,シル・ヴ・プレジデント,2020000,ULT,
c2176,さんさーら！,2020000,ULT,
c2177,ギラギラ,2020000,ULT,
c2178,モア！ジャンプ！モア！,2020000,ULT,
c2179,携帯恋話,2020000,ULT,
c2180,エンヴィーベイビー,2020000,ULT,
c2181,ダーリンダンス,2020000,ULT,
c2182,初音天地開闢神話,2020000,ULT,
c2183,無間嫉妬劇場『666』,2020000,ULT,
c2184,ENDYMION,2020000,ULT,
c2185,竹,2020000,ULT,
c2186,Forever and…,2020000,ULT,
c2187,タイムカプセル,2020000,ULT,
c2188,パズルリボン,2020000,ULT,
c2189,Be4Step,2020000,ULT,
c2190,Everlasting Liberty,2020000,ULT,
c2191,とびだせ！TO THE COSMIC!!,2020000,ULT,
c2192,星めぐり、果ての君へ。,2020000,ULT,
c2193,モ°ルモ°ル,2020000,ULT,
c2194,蒼穹舞楽,2020000,ULT,
c2195,Komplexe,2020000,ULT,
c2196,愛のシンギュラリティ,2020000,ULT,
c2197,アナタニナルノ,2020000,ULT,
c2198,コトバウタ,2020000,ULT,
c2199,A Man In The Mirror,2020000,ULT,
c2200,Dig Delight!,2020000,ULT,
c2201,Floor Killer,2020000,ULT,
c2202,ジャンキーナイトタウンオーケストラ,2020000,ULT,
c2203,エバ,2020000,ULT,
c2204,トラフィック・ジャム,2020000,ULT,
c2205,舞高最強ドリームセッション!!!!! ～180秒一曲勝負～,2020000,ULT,
c2206,HERA,2020000,ULT,
c2207,I'll make you Super Rock Star,2020000,ULT,
c2208,Reverberate,2020000,ULT,
c2209,Breakthrough,2020000,ULT,
c2210,Scythe of Death,2020000,ULT,
c2211,くらべられっ子,2020000,ULT,
c2212,あの世行きのバスに乗ってさらば。,2020000,ULT,
c2213,泥の分際で私だけの大切を奪おうだなんて,2020000,ULT,
c2214,吉原ラメント,2020000,ULT,
c2215,フォニイ,2020000,ULT,
c2216,愛のシュプリーム！,2020000,ULT,
c2217,めいど・うぃず・どらごんず♥,2020000,ULT,
c2218,Re：End of a Dream,2020000,ULT,
c2219,僕らのFreedom DiVE↓,2020000,ULT,
c2220,色彩過剰のダイアリーミュージック,2020000,ULT,
c2221,Last Kingdom,2020000,ULT,
c2222,3倍！Sun Shine！カーニバル！,2020000,ULT,
c2223,地獄屋八丁荒らし,2020000,ULT,
c2224,ハッピーエンドをはじめから,2020000,ULT,
c2225,過去を喰らう,2020000,ULT,
c2226,失礼しますが、RIP♡,2020000,ULT,
c2227,Splash Dance!!,2020000,ULT,
c2228,帰り道,2020000,ULT,
c2229,QZKago Requiem,2020000,ULT,
c2230,#SUP3RORBITAL,2020000,ULT,
c2231,WE'RE BACK!!,2020000,ULT,
c2232,Brightness,2020000,ULT,
c2233,Λzure Vixen,2020000,ULT,
c2234,僕の戦争,2020000,ULT,
c2235,ポケットからぬりつぶせ！,2020000,ULT,
c2236,Y.Y.Y.計画!!!!,2020000,ULT,
c2237,最っ高のエンタメだ!!,2020000,ULT,
c2238,GODLINESS,2020000,ULT,
c2239,ホーリーサンバランド,2020000,ULT,
c2241,DA'AT -The First Seeker of Souls-,2020000,ULT,
c2242,キルミーのベイベー！,2020000,ULT,
c2243,Rumbling hearts,2020000,ULT,
c2244,非実在系女子達はどうすりゃいいですか？,2020000,ULT,
c2245,恋ひ恋ふ縁,2020000,ULT,
c2246,Transcend Lights,2020000,ULT,
c2247,Get the star for you [DJ Command Remix],2020000,ULT,
c2248,Music Evolution,2020000,ULT,
c2249,ハウリング,2020000,ULT,
c2250,寡黙なるフォール,2020000,ULT,
c2251,みずいろレインドロップ,2020000,ULT,
c2252,BlackFlagBreaker!!,2020000,ULT,
c2253,レッド・ルーラー,2020000,ULT,
c2254,1,2020000,ULT,
c2255,Before I Rise,2020000,ULT,
c2257,ミックスナッツ,2020000,ULT,
c2258,阿修羅ちゃん,2020000,ULT,
c2259,なにやってもうまくいかない,2020000,ULT,
c2260,ユメヲカケル！,2020000,ULT,
c2261,いただきバベル (Prod. ケンモチヒデフミ),2020000,ULT,
c2262,キュートなカノジョ,2020000,ULT,
c2263,神っぽいな,2020000,ULT,
c2264,トンデモワンダーズ,2020000,ULT,
c2265,スカーレット警察のゲットーパトロール24時,2020000,ULT,
c2266,I'm so Happy,2020000,ULT,
c2267,Random,2020000,ULT,
c2268,超Rock The Party,2020000,ULT,
c2269,アンビバレンス,2020000,ULT,
c2270,TEmPTaTiON,2020000,ULT,
c2271,Falsum Atlantis.,2020000,ULT,
c2272,ミラージュ・フレイグランス,2020000,ULT,
c2273,インパアフェクシオン・ホワイトガアル,2020000,ULT,
c2274,クリーパー,2020000,ULT,
c2275,Ignition,2020000,ULT,
c2276,推してもダメならひいてみな！,2020000,ULT,
c2277,ガチ恋ラビリンス,2020000,ULT,
c2278,CELERITAS,2020000,ULT,
c2279,グラウンドスライダー協奏曲第一番「風唄」,2020000,ULT,
c2280,Crawler / Flyer,2020000,ULT,
c2281,Re:Credits,2020000,ULT,
c2282,Cheat Sheet,2020000,ULT,
c2283,One Room Sky,2020000,ULT,
c2285,Revived,2020000,ULT,
c2286,デザイアシューティング,2020000,ULT,
c2287,Mami Mami Zone,2020000,ULT,
c2288,Armageddon,2020000,ULT,
c2289,田中,2020000,ULT,
c2290,INSIDE IDENTITY,2020000,ULT,
c2291,Van!shment Th!s World,2020000,ULT,
c2292,がんばれ！蜘蛛子さんのテーマ,2020000,ULT,
c2293,新世界スターター,2020000,ULT,
c2294,Girl's Party Planet!,2020000,ULT,
c2295,Viyella's Scream,2020000,ULT,
c2296,Desperado Waltz,2020000,ULT,
c2297,HiGHER,2020000,ULT,
c2298,めっちゃ煽ってくるタイプの音ゲーボス曲ちゃんなんかに負けないが？？？？？,2020000,ULT,
c2299,Breaking Dawn (feat. 棗いつき),2020000,ULT,
c2300,Odin,2020000,ULT,
c2301,Wildfire,2020000,ULT,
c2302,ステラ,2020000,ULT,
c2303,Ready Steady,2020000,ULT,
c2304,群青讃歌,2020000,ULT,
c2305,キャットラビング,2020000,ULT,
c2306,マーシャル・マキシマイザー,2020000,ULT,
c2307,GRÄNDIR,2020000,ULT,
c2308,Advance（CHUNITHM edit）,2020000,ULT,
c2309,Let's Starry Party！,2020000,ULT,
c2310,任せてJC陰陽師☆八雲ちゃん,2020000,ULT,
c2311,†大闘士＝クライン・フォーゲル・シュピール＝えりか†,2020000,ULT,
c2312,Fallin' Darlin' Rollin',2020000,ULT,
c2313,恋するみたいに☆かませレッドヘルズ,2020000,ULT,
c2314,シンデレラ,2020000,ULT,
c2315,アニマル,2020000,ULT,
c2316,パラサイト,2020000,ULT,
c2317,きゅうくらりん,2020000,ULT,
c2318,生きる,2020000,ULT,
c2319,MAIGAHARA パンチラインキッカーズ,2020000,ULT,
c2320,エータ・ベータ・イータ,2020000,ULT,
c2321,irony,2020000,ULT,
c2322,お空のニュークリアフュージョン道場,2020000,ULT,
c2323,全人類ノ非想天則,2020000,ULT,
c2324,三妖精SAY YA!!!,2020000,ULT,
c2326,U&iVERSE -銀河鸞翔-,2020000,ULT,
c2327,RELOAD,2020000,ULT,
c2328,アイ情劣等生,2020000,ULT,
c2329,アイロニック,2020000,ULT,
c2330,孤独毒毒,2020000,ULT,
c2331,スティールユー,2020000,ULT,
c2332,マチガイサガシ,2020000,ULT,
c2333,痛快リズムアクション「B.B.K.K.B.K.K.」,2020000,ULT,
c2334,SUPER AMBULANCE,2020000,ULT,
c2336,盟月,2020000,ULT,
c2337,Bitter Juicy,2020000,ULT,
c2338,Disruptor Array,2020000,ULT,
c2340,To：Be Continued,2020000,ULT,
c2341,アマカミサマ,2020000,ULT,
c2342,だじゃれくりえぃしょん,2020000,ULT,
c2343,ワールドイズマイン,2020000,ULT,
c2344,フューチャー・イヴ,2020000,ULT,
c2345,Magic Rock'n Roll Maker,2020000,ULT,
c2346,FLUFFY FLASH,2020000,ULT,
c2347,Alexandrite,2020000,ULT,
c2348,PRAGMATISM -RESURRECTION-,2020000,ULT,
c2349,Alice's Suitcase,2020000,ULT,
c2350,迷える音色は恋の唄,2020000,ULT,
c2351,Sheriruth,2020000,ULT,
c2352,STARRED HEART,2020000,ULT,
c2353,幻想即興曲,2020000,ULT,
c2354,月の光,2020000,ULT,
c2355,「四季」より「冬」,2020000,ULT,
c2356,Moon of Noon,2020000,ULT,
c2358,4月1日でございました,2020000,ULT,
c2359,五等分のカタチ,2020000,ULT,
c2360,魔法少女とチョコレゐト,2020000,ULT,
c2361,少女レイ,2020000,ULT,
c2362,超常マイマイン,2020000,ULT,
c2363,VIIIbit Explorer,2020000,ULT,
c2364,MAXRAGE,2020000,ULT,
c2365,ぱくぱく☆がーる,2020000,ULT,
c2366,Resolution,2020000,ULT,
c2367,ヒストリー×ブレイカー,2020000,ULT,
c2368,"Ruler Count, Zero",2020000,ULT,
c2369,絆はずっとGrowing Up!!!,2020000,ULT,
c2370,アマツカミ,2020000,ULT,
c2371,No Limit RED Force,2020000,ULT,
c2372,進め！マイウェイ！,2020000,ULT,
c2373,Burn My Soul,2020000,ULT,
c2381,Let you DIVE!,2020000,ULT,
c2382,Knight Rider,2020000,ULT,
c2383,ADAM,2020000,ULT,
c2384,Exitium,2020000,ULT,
c2385,eden,2020000,ULT,
c2386,青春コンプレックス,2020000,ULT,
c2387,ギターと孤独と蒼い惑星,2020000,ULT,
c2388,INTERNET OVERDOSE,2020000,ULT,
c2389,新時代（ウタfrom ONE PIECE FILM RED）,2020000,ULT,
c2390,祝福,2020000,ULT,
c2391,刃渡り2億センチ(TV edit),2020000,ULT,
c2392,おとせサンダー,2020000,ULT,
c2393,カレシのジュード,2020000,ULT,
c2394,サラマンダー,2020000,ULT,
c2395,酔いどれ知らず,2020000,ULT,
c2397,もぺもぺ,2020000,ULT,
c2398,neu,2020000,ULT,
c2399,雷切-RAIKIRI-,2020000,ULT,
c2400,LAMIA,2020000,ULT,
c2401,オンソクデイズ!!,2020000,ULT,
c2403,ウルガレオン,2020000,ULT,
c2404,やめらんないな!,2020000,ULT,
c2405,Dive a Wave,2020000,ULT,
c2406,ASH,2020000,ULT,
c2407,Makear,2020000,ULT,
c2408,プライマリー進化論,2020000,ULT,
c2409,フリーフォール,2020000,ULT,
c2410,Invisible Frenzy,2020000,ULT,
c2411,Quon,2020000,ULT,
c2412,幻想症候群,2020000,ULT,
c2413,夜のサーカス,2020000,ULT,
c2414,Pris-Magic!,2020000,ULT,
c2415,放課後マーメイド,2020000,ULT,
c2416,Snow Colored Score,2020000,ULT,
c2417,LiftOff,2020000,ULT,
c2418,独りんぼエンヴィー,2020000,ULT,
c2420,Shine In The Sky☆,2020000,ULT,
c2421,よりみちリトルスター,2020000,ULT,
c2422,Hydra,2020000,ULT,
c2425,Survive,2020000,ULT,
c2426,シンデレラディスコ,2020000,ULT,
c2427,うたかたのせかいで,2020000,ULT,
c2428,とあちゃんのおもちゃ箱,2020000,ULT,
c2429,白庭,2020000,ULT,
c2430,REL0VE REL1VE,2020000,ULT,
c2431,deadeye,2020000,ULT,
c2432,Aiolos,2020000,ULT,
c2433,花となれ,2020000,ULT,
c2434,カノン,2020000,ULT,
c2435,異星にいこうね,2020000,ULT,
c2436,悪魔の踊り方,2020000,ULT,
c2437,ド屑,2020000,ULT,
c2438,夏色花火,2020000,ULT,
c2439,夢と幻想の終点にて,2020000,ULT,
c2440,Superbia,2020000,ULT,
c2441,空間創造理論,2020000,ULT,
c2442,βlαnoir,2020000,ULT,
c2443,リハーサルタイム,2020000,ULT,
c2444,Cult future,2020000,ULT,
c2445,Night Spider,2020000,ULT,
c2446,#あくあ色ぱれっと,2020000,ULT,
c2447,いつかオトナになれるといいね。,2020000,ULT,
c2448,story,2020000,ULT,
c2449,ばかみたい【Taxi Driver Edition】,2020000,ULT,
c2450,セガサターン起動音[H.][Remix],2020000,ULT,
c2451,スン(マイル)フラワー～Sun(Mile)Flower,2020000,ULT,
c2452,あなたは世界の終わりにずんだを食べるのだ,2020000,ULT,
c2453,ちょっとあざとい,2020000,ULT,
c2454,snooze,2020000,ULT,
c2455,ONE SAME GOAL,2020000,ULT,
c2456,Vibes 2k20,2020000,ULT,
c2457,《真紅》 ～ Pavane Pour La Flamme,2020000,ULT,
c2458,《楽土》 ～ One and Only One,2020000,ULT,
c2459,《散華》 ～ EMBARK,2020000,ULT,
c2460,《慈雨》 ～ La Symphonie de Salacia: Agony Movement,2020000,ULT,
c2461,"《創造》 ～ Cries, beyond The End",2020000,ULT,
c2463,反撃! 突撃! Back To Back!,2020000,ULT,
c2464,Sad Creature,2020000,ULT,
c2465,Goodbye Innocence,2020000,ULT,
c2466,Λlteration,2020000,ULT,
c2467,Regulus,2020000,ULT,
c2468,カリスマ煉獄天神,2020000,ULT,
c2469,シアワセうさぎ,2020000,ULT,
c2475,Chaotic Ørder,2020000,ULT,
c2476,ぽかぽか温泉音頭,2020000,ULT,
c2477,sølips,2020000,ULT,
c2478,茉子の日常,2020000,ULT,
c2479,キズナヒトツ,2020000,ULT,
c2480,GEOMETRIC DANCE,2020000,ULT,
c2481,Love Cheat!,2020000,ULT,
c2482,ドーナドーナのうた,2020000,ULT,
c2483,未来への咆哮,2020000,ULT,
c2485,Singularity,2020000,ULT,
c2486,ワンダーシャッフェンの法則,2020000,ULT,
c2487,Paradisoda,2020000,ULT,
c2488,Yorugao,2020000,ULT,
c2489,ハイファイ☆デイズ,2020000,ULT,
c2490,ALIVE,2020000,ULT,
c2491,可愛くてごめん,2020000,ULT,
c2492,"トウキョウ・シャンディ・ランデヴ feat. 花譜, ツミキ",2020000,ULT,
c2493,マツケンサンバⅡ,2020000,ULT,
c2494,アイドル,2020000,ULT,
c2495,STORM,2020000,ULT,
c2496,さくゆいたいそう,2020000,ULT,
c2497,アイデン貞貞メルトダウン,2020000,ULT,
c2498,ひめごと＊クライシスターズ,2020000,ULT,
c2499,Stellar Stellar,2020000,ULT,
c3,B.B.K.K.B.K.K.,2020000,MAS,
c6,Reach For The Stars,2020000,MAS,
c7,初音ミクの消失,2020000,MAS,
c18,千本桜,2020000,MAS,
c19,DRAGONLADY,2020000,MAS,
c20,taboo tears you up,2020000,MAS,
c21,ナイト・オブ・ナイツ,2020000,MAS,
c23,一触即発☆禅ガール,2020000,MAS,
c24,ドーナツホール,2020000,MAS,
c27,タイガーランペイジ,2020000,MAS,
c33,Blue Noise,2020000,MAS,
c35,Lapis,2020000,MAS,
c37,鳥の詩,2020000,MAS,
c38,天ノ弱,2020000,MAS,
c41,sweet little sister,2020000,MAS,
c45,L9,2020000,MAS,
c46,Bad Apple!! feat.nomico,2020000,MAS,
c47,六兆年と一夜物語,2020000,MAS,
c48,Unlimited Spark!,2020000,MAS,
c49,エピクロスの虹はもう見えない,2020000,MAS,
c51,My First Phone,2020000,MAS,
c52,Cyberozar,2020000,MAS,
c53,Teriqma,2020000,MAS,
c59,Invitation,2020000,MAS,
c61,GOLDEN RULE,2020000,MAS,
c62,名も無い鳥,2020000,MAS,
c63,Gate of Fate,2020000,MAS,
c64,今ぞ♡崇め奉れ☆オマエらよ！！～姫の秘メタル渇望～,2020000,MAS,
c65,Anemone,2020000,MAS,
c66,明るい未来,2020000,MAS,
c67,昵懇レファレンス,2020000,MAS,
c68,乗り切れ受験ウォーズ,2020000,MAS,
c69,The wheel to the right,2020000,MAS,
c70,STAR,2020000,MAS,
c71,Infantoon Fantasy,2020000,MAS,
c72,Genesis,2020000,MAS,
c73,MUSIC PЯAYER,2020000,MAS,
c74,リリーシア,2020000,MAS,
c75,Counselor,2020000,MAS,
c76,luna blu,2020000,MAS,
c77,ケモノガル,2020000,MAS,
c79,ＧＯ！ＧＯ！ラブリズム♥,2020000,MAS,
c80,Grab your sword,2020000,MAS,
c82,Memories of Sun and Moon,2020000,MAS,
c83,ロストワンの号哭,2020000,MAS,
c88,The Concept of Love,2020000,MAS,
c89,JET,2020000,MAS,
c90,L'épisode,2020000,MAS,
c91,Yet Another ”drizzly rain”,2020000,MAS,
c92,最終鬼畜妹・一部声,2020000,MAS,
c93,蒼空に舞え、墨染の桜,2020000,MAS,
c94,セツナトリップ,2020000,MAS,
c95,砂漠のハンティングガール♡,2020000,MAS,
c96,チルノのパーフェクトさんすう教室,2020000,MAS,
c97,"Help me, ERINNNNNN!!",2020000,MAS,
c98,魔理沙は大変なものを盗んでいきました,2020000,MAS,
c99,言ノ葉カルマ,2020000,MAS,
c100,After the rain,2020000,MAS,
c101,Tango Rouge,2020000,MAS,
c102,Tuning Rangers,2020000,MAS,
c103,エンドマークに希望と涙を添えて,2020000,MAS,
c104,とーきょー全域★アキハバラ？,2020000,MAS,
c105,overcome,2020000,MAS,
c106,宛城、炎上！！,2020000,MAS,
c107,We Gonna Journey,2020000,MAS,
c108,The ether,2020000,MAS,
c113,ストリーミングハート,2020000,MAS,
c114,Sweet Devil,2020000,MAS,
c115,Dreaming,2020000,MAS,
c117,M.S.S.Planet,2020000,MAS,
c118,腐れ外道とチョコレゐト,2020000,MAS,
c119,アウターサイエンス,2020000,MAS,
c120,四次元跳躍機関,2020000,MAS,
c121,東方妖々夢 ～the maximum moving about～,2020000,MAS,
c122,少女幻葬戦慄曲　～　Necro Fantasia,2020000,MAS,
c123,橙の幻想郷音頭,2020000,MAS,
c128,The Formula,2020000,MAS,
c131,チルドレンレコード,2020000,MAS,
c132,イカサマライフゲイム,2020000,MAS,
c133,シリョクケンサ,2020000,MAS,
c134,HAELEQUIN (Original Remaster),2020000,MAS,
c135,Vallista,2020000,MAS,
c136,Äventyr,2020000,MAS,
c137,Angel dust,2020000,MAS,
c138,conflict,2020000,MAS,
c140,Guilty,2020000,MAS,
c141,閃鋼のブリューナク,2020000,MAS,
c142,Altale,2020000,MAS,
c143,ODDS&ENDS,2020000,MAS,
c144,Aragami,2020000,MAS,
c145,Change Our MIRAI！,2020000,MAS,
c146,夕暮れワンルーム,2020000,MAS,
c147,こころここから,2020000,MAS,
c148,Theme of SeelischTact,2020000,MAS,
c149,緋色のDance,2020000,MAS,
c150,brilliant better,2020000,MAS,
c151,Alma,2020000,MAS,
c152,Gustav Battle,2020000,MAS,
c156,FREELY TOMORROW,2020000,MAS,
c157,ギガンティックO.T.N,2020000,MAS,
c158,フォルテシモBELL,2020000,MAS,
c159,ジングルベル,2020000,MAS,
c160,言ノ葉遊戯,2020000,MAS,
c161,私の中の幻想的世界観及びその顕現を想起させたある現実での出来事に関する一考察,2020000,MAS,
c163,幾四音-Ixion-,2020000,MAS,
c165,ぼくらの16bit戦争,2020000,MAS,
c166,裏表ラバーズ,2020000,MAS,
c167,脳漿炸裂ガール,2020000,MAS,
c168,ネトゲ廃人シュプレヒコール,2020000,MAS,
c169,elegante,2020000,MAS,
c170,DETARAME ROCK&ROLL THEORY,2020000,MAS,
c171,XL TECHNO,2020000,MAS,
c173,Halcyon,2020000,MAS,
c177,Jimang Shot,2020000,MAS,
c178,stella=steLLa,2020000,MAS,
c179,すろぉもぉしょん,2020000,MAS,
c180,怒槌,2020000,MAS,
c181,ユクエシレズ,2020000,MAS,
c186,ってゐ！　～えいえんてゐVer～,2020000,MAS,
c187,患部で止まってすぐ溶ける～狂気の優曇華院,2020000,MAS,
c189,ひれ伏せ愚民どもっ！,2020000,MAS,
c190,エテルニタス・ルドロジー,2020000,MAS,
c191,幽闇に目醒めしは,2020000,MAS,
c192,Starlight Vision,2020000,MAS,
c193,Club Ibuki in Break All,2020000,MAS,
c194,Phantasm Brigade,2020000,MAS,
c195,永遠のメロディ,2020000,MAS,
c196,FREEDOM DiVE,2020000,MAS,
c197,Jack-the-Ripper◆,2020000,MAS,
c198,AVALON,2020000,MAS,
c199,ハート・ビート,2020000,MAS,
c200,無敵We are one!!,2020000,MAS,
c201,Contrapasso -inferno-,2020000,MAS,
c202,GEMINI -C-,2020000,MAS,
c203,FLOWER,2020000,MAS,
c204,ちくわパフェだよ☆CKP,2020000,MAS,
c205,SNIPE WHOLE,2020000,MAS,
c208,SAMBISTA,2020000,MAS,
c210,アスノヨゾラ哨戒班,2020000,MAS,
c211,天樂,2020000,MAS,
c212,いろは唄,2020000,MAS,
c213,星屑ユートピア,2020000,MAS,
c216,放課後革命,2020000,MAS,
c217,楽園ファンファーレ,2020000,MAS,
c218,サウンドプレイヤー,2020000,MAS,
c219,玩具狂奏曲 -終焉-,2020000,MAS,
c220,如月アテンション,2020000,MAS,
c222,Mr. Wonderland,2020000,MAS,
c223,カミサマネジマキ,2020000,MAS,
c224,恋愛裁判,2020000,MAS,
c225,ウミユリ海底譚,2020000,MAS,
c226,Garakuta Doll Play,2020000,MAS,
c227,洗脳,2020000,MAS,
c228,このふざけた素晴らしき世界は、僕の為にある,2020000,MAS,
c229,紅華刑,2020000,MAS,
c230,Hyperion,2020000,MAS,
c232,Elemental Creation,2020000,MAS,
c233,アルストロメリア,2020000,MAS,
c234,Devastating Blaster,2020000,MAS,
c240,夜咄ディセイブ,2020000,MAS,
c244,回レ！雪月花,2020000,MAS,
c245,"Help me, あーりん！",2020000,MAS,
c246,なるとなぎのパーフェクトロックンロール教室,2020000,MAS,
c248,Schrecklicher Aufstand,2020000,MAS,
c249,ドライヴ・オン・ザ・レインボー,2020000,MAS,
c250,Philosopher,2020000,MAS,
c251,Crazy ∞ nighT,2020000,MAS,
c252,愛迷エレジー,2020000,MAS,
c253,Warcry,2020000,MAS,
c254,その群青が愛しかったようだった,2020000,MAS,
c256,札付きのワル　～マイケルのうた～,2020000,MAS,
c257,BOKUTO,2020000,MAS,
c258,TiamaT:F minor,2020000,MAS,
c259,Oshama Scramble! (Cranky Remix),2020000,MAS,
c260,D.E.A.D.L.Y.,2020000,MAS,
c261,ロボットプラネットユートピア,2020000,MAS,
c262,Tidal Wave,2020000,MAS,
c263,Hand in Hand,2020000,MAS,
c264,My Dearest Song,2020000,MAS,
c265,猫祭り,2020000,MAS,
c266,ゲシュタルト！テスト期間！！,2020000,MAS,
c267,心象蜃気楼,2020000,MAS,
c268,Bang Babang Bang!!!,2020000,MAS,
c270,エンヴィキャットウォーク,2020000,MAS,
c271,鬼KYOKAN,2020000,MAS,
c272,有頂天ビバーチェ,2020000,MAS,
c273,ビバハピ,2020000,MAS,
c274,願い星,2020000,MAS,
c275,愛言葉,2020000,MAS,
c276,後夜祭,2020000,MAS,
c277,TRUST,2020000,MAS,
c278,からくりピエロ,2020000,MAS,
c279,深海少女,2020000,MAS,
c280,リモコン,2020000,MAS,
c281,ラクガキスト,2020000,MAS,
c282,アカツキアライヴァル,2020000,MAS,
c283,神曲,2020000,MAS,
c284,幸せになれる隠しコマンドがあるらしい,2020000,MAS,
c285,メルト,2020000,MAS,
c286,Tell Your World,2020000,MAS,
c287,ロミオとシンデレラ,2020000,MAS,
c288,First Twinkle,2020000,MAS,
c289,ウソラセラ,2020000,MAS,
c290,檄!帝国華撃団,2020000,MAS,
c291,Kronos,2020000,MAS,
c292,月に叢雲華に風,2020000,MAS,
c293,インビジブル,2020000,MAS,
c294,人生リセットボタン,2020000,MAS,
c295,響,2020000,MAS,
c297,風仁雷仁,2020000,MAS,
c298,PRIVATE SERVICE,2020000,MAS,
c300,No Routine,2020000,MAS,
c301,白い雪のプリンセスは,2020000,MAS,
c302,Strahv,2020000,MAS,
c303,Dreams Dreams:Kids Ver.,2020000,MAS,
c304,In The Blue Sky '01,2020000,MAS,
c305,幻想のサテライト,2020000,MAS,
c306,凛として咲く花の如く,2020000,MAS,
c307,Paqqin,2020000,MAS,
c310,覚醒楽奏メタフィクション,2020000,MAS,
c316,みくみくにしてあげる♪【してやんよ】,2020000,MAS,
c317,Air,2020000,MAS,
c318,DataErr0r,2020000,MAS,
c319,Say A Vengeance,2020000,MAS,
c320,010,2020000,MAS,
c321,ERIS -Legend of Gaidelia-,2020000,MAS,
c322,Imperishable Night 2006 (2016 Refine),2020000,MAS,
c323,Dreadnought,2020000,MAS,
c324,STAGER,2020000,MAS,
c325,Her Majesty,2020000,MAS,
c326,Sakura Fubuki,2020000,MAS,
c327,JULIAN,2020000,MAS,
c328,★LittlE HearTs★,2020000,MAS,
c329,STAIRWAY TO GENERATION,2020000,MAS,
c330,ドキドキDREAM!!!,2020000,MAS,
c331,猛進ソリストライフ！,2020000,MAS,
c332,空威張りビヘイビア,2020000,MAS,
c333,Oshama Scramble!,2020000,MAS,
c334,FLOATED CALM,2020000,MAS,
c335,Supersonic Generation,2020000,MAS,
c336,シジョウノコエ VOCALO ver.,2020000,MAS,
c337,Tic Tac DREAMIN’,2020000,MAS,
c338,SPICY SWINGY STYLE,2020000,MAS,
c339,RevolutionGame,2020000,MAS,
c340,Still,2020000,MAS,
c341,おまかせ！！トラブルメイ娘☆とれびちゃん,2020000,MAS,
c342,オススメ☆♂♀☆でぃすとぴあ,2020000,MAS,
c343,Daydream café,2020000,MAS,
c354,ラブリー☆えんじぇる!!,2020000,MAS,
c362,Face of Fact,2020000,MAS,
c363,true my heart -Lovable mix-,2020000,MAS,
c365,桜ノ雨,2020000,MAS,
c367,いーあるふぁんくらぶ,2020000,MAS,
c368,おこちゃま戦争,2020000,MAS,
c369,エイリアンエイリアン,2020000,MAS,
c370,虎視眈々,2020000,MAS,
c371,アンハッピーリフレイン,2020000,MAS,
c372,すきなことだけでいいです,2020000,MAS,
c373,デリヘル呼んだら君が来た,2020000,MAS,
c374,チュルリラ・チュルリラ・ダッダッダ！,2020000,MAS,
c375,だんだん早くなる,2020000,MAS,
c376,ECHO,2020000,MAS,
c377,泡沫、哀のまほろば,2020000,MAS,
c379,愛き夜道 feat. ランコ、雨天決行,2020000,MAS,
c380,Starlight Dance Floor,2020000,MAS,
c381,Witches night,2020000,MAS,
c382,"Help me, ERINNNNNN!! -Cranky remix-",2020000,MAS,
c383,仙酌絶唱のファンタジア,2020000,MAS,
c384,キュアリアス光吉古牌　－祭－,2020000,MAS,
c385,Evans,2020000,MAS,
c386,神威,2020000,MAS,
c388,GOODTEK,2020000,MAS,
c389,Name of oath,2020000,MAS,
c390,Bird Sprite,2020000,MAS,
c391,オモイヨシノ,2020000,MAS,
c393,Dengeki Tube,2020000,MAS,
c394,若い力 -SEGA HARD GIRLS MIX-,2020000,MAS,
c395,レッツゴー!陰陽師,2020000,MAS,
c396,あねぺったん,2020000,MAS,
c397,Like the Wind [Reborn],2020000,MAS,
c398,天国と地獄 -言ノ葉リンネ-,2020000,MAS,
c399,最愛テトラグラマトン,2020000,MAS,
c402,悪戯,2020000,MAS,
c403,りばーぶ,2020000,MAS,
c404,Barbed Eye,2020000,MAS,
c405,分からない,2020000,MAS,
c406,相思創愛,2020000,MAS,
c407,混沌を越えし我らが神聖なる調律主を讃えよ,2020000,MAS,
c409,Finite,2020000,MAS,
c411,地球最後の告白を,2020000,MAS,
c413,The wheel to the Night ～インド人が夢に!?～,2020000,MAS,
c414,We Gonna Party -Feline Groove Mix-,2020000,MAS,
c416,Through The Tower,2020000,MAS,
c421,前前前世,2020000,MAS,
c426,華鳥風月,2020000,MAS,
c427,儚きもの人間,2020000,MAS,
c428,Aleph-0,2020000,MAS,
c429,Black Lotus,2020000,MAS,
c430,ＧＯ！ＧＯ！ラブリズム♥ ～あーりん書類審査通過記念Ver.～,2020000,MAS,
c431,Session High⤴,2020000,MAS,
c432,光線チューニング,2020000,MAS,
c433,立川浄穢捕物帳,2020000,MAS,
c434,眠れぬ夜君を想フ,2020000,MAS,
c435,JIGOKU STATION CENTRAL GATE,2020000,MAS,
c436,PinqPiq,2020000,MAS,
c437,トリスメギストス,2020000,MAS,
c438,WE GOTTA SOUL,2020000,MAS,
c439,哀しみ集め,2020000,MAS,
c440,キラメケ→Shoot it Now!,2020000,MAS,
c441,Kattobi KEIKYU Rider,2020000,MAS,
c442,Glorious Crown (tpz over-Over-OVERCUTE REMIX),2020000,MAS,
c444,エレクトロサチュレイタ,2020000,MAS,
c445,Palette,2020000,MAS,
c446,アマツキツネ,2020000,MAS,
c447,パーフェクト生命,2020000,MAS,
c448,のぼれ！すすめ！高い塔,2020000,MAS,
c449,害虫,2020000,MAS,
c455,Vampire,2020000,MAS,
c456,ケロ⑨destiny,2020000,MAS,
c457,Last Moments,2020000,MAS,
c458,風に乗せた願い,2020000,MAS,
c459,天狗の落とし文 feat. ｙｔｒ,2020000,MAS,
c460,星色夜空,2020000,MAS,
c462,物凄い勢いでけーねが物凄いうた,2020000,MAS,
c463,Wake up Dreamer,2020000,MAS,
c464,World Vanquisher,2020000,MAS,
c465,macrocosmos,2020000,MAS,
c466,Iudicium,2020000,MAS,
c467,Twice up Scenery,2020000,MAS,
c468,奏者はただ背中と提琴で語るのみ,2020000,MAS,
c469,Xevel,2020000,MAS,
c470,セイクリッド　ルイン,2020000,MAS,
c471,極圏,2020000,MAS,
c472,Scarlet Lance,2020000,MAS,
c475,ホシトハナ,2020000,MAS,
c476,Just Be Friends,2020000,MAS,
c477,炉心融解,2020000,MAS,
c478,Fire◎Flower,2020000,MAS,
c479,卑怯戦隊うろたんだー,2020000,MAS,
c481,イロトリドリのメロディ,2020000,MAS,
c482,セハガガガンバッちゃう！！,2020000,MAS,
c483,Burning Hearts ～炎のANGEL～,2020000,MAS,
c485,Our Fighting,2020000,MAS,
c486,VERTeX,2020000,MAS,
c487,-OutsideR:RequieM-,2020000,MAS,
c488,夢と夢～あの日のメロディ～,2020000,MAS,
c489,La Baguette Magique,2020000,MAS,
c490,bubble attack,2020000,MAS,
c491,The Darkness of Valhalla,2020000,MAS,
c492,時の冒険者,2020000,MAS,
c493,Rendezvous,2020000,MAS,
c494,EXECUTOR,2020000,MAS,
c496,Hyper Active,2020000,MAS,
c497,L'épilogue,2020000,MAS,
c498,D✪N’T ST✪P R✪CKIN’ ～[✪_✪] MIX～,2020000,MAS,
c499,Caliburne ～Story of the Legendary sword～,2020000,MAS,
c500,プリズム,2020000,MAS,
c502,Clover Heart's,2020000,MAS,
c503,スイートマジック,2020000,MAS,
c504,Calamity Fortune,2020000,MAS,
c505,Melody！,2020000,MAS,
c506,G e n g a o z o,2020000,MAS,
c511,サイバーサンダーサイダー,2020000,MAS,
c512,フラジール,2020000,MAS,
c513,Absolunote,2020000,MAS,
c514,木彫り鯰と右肩ゾンビ,2020000,MAS,
c515,ヒビカセ,2020000,MAS,
c516,WAVE,2020000,MAS,
c517,高気圧ねこロック,2020000,MAS,
c524,ETERNAL DRAIN,2020000,MAS,
c525,Paradisus-Paradoxum,2020000,MAS,
c528,チルノのパーフェクトさんすう教室　⑨周年バージョン,2020000,MAS,
c532,Cosmic twinkle star,2020000,MAS,
c533,終わりなき物語,2020000,MAS,
c534,BlazinG AIR,2020000,MAS,
c535,Change me,2020000,MAS,
c538,AMAZING MIGHTYYYY!!!!,2020000,MAS,
c540,砂の惑星 feat. HATSUNE MIKU,2020000,MAS,
c547,拝啓ドッペルゲンガー,2020000,MAS,
c548,Doppelganger,2020000,MAS,
c549,色は匂へど散りぬるを,2020000,MAS,
c550,ポルカドット,2020000,MAS,
c551,Sparking Revolver,2020000,MAS,
c552,Gate of Doom,2020000,MAS,
c553,ダンスロボットダンス,2020000,MAS,
c554,アルカリレットウセイ,2020000,MAS,
c555,キレキャリオン,2020000,MAS,
c556,グラーヴェ,2020000,MAS,
c557,レトロマニア狂想曲,2020000,MAS,
c558,イロドリミドリ杯花映塚全一決定戦公式テーマソング『ウソテイ』,2020000,MAS,
c559,otorii INNOVATED -[i]3-,2020000,MAS,
c560,未来イマジネーション！,2020000,MAS,
c561,純情-SAKURA-,2020000,MAS,
c562,青春サイダー,2020000,MAS,
c564,Very! Merry!! Session!!!,2020000,MAS,
c565,popcorn,2020000,MAS,
c566,Pastel Party,2020000,MAS,
c567,はちみつアドベンチャー,2020000,MAS,
c568,CHOCOLATE BOMB!!!!,2020000,MAS,
c569,Twilight,2020000,MAS,
c570,ねぇ、壊れタ人形ハ何処へ棄テらレるノ？,2020000,MAS,
c572,WARNING×WARNING×WARNING,2020000,MAS,
c573,Grip & Break down !!,2020000,MAS,
c574,ネ！コ！,2020000,MAS,
c575,マトリョシカ,2020000,MAS,
c577,ゴーゴー幽霊船,2020000,MAS,
c578,La Flesvelka,2020000,MAS,
c583,碧き孤島のアングゥィス,2020000,MAS,
c585,ラブって♡ジュエリー♪えんじぇる☆ブレイク！！,2020000,MAS,
c586,ぶれいくるみるくらぶ！,2020000,MAS,
c587,クレッシェンド・ストーリー,2020000,MAS,
c588,Sentimental Snow,2020000,MAS,
c589,サンシャインサマー☆夏期講習,2020000,MAS,
c590,"NYAN-NYA, More! ラブシャイン、Chu♥",2020000,MAS,
c592,厨病激発ボーイ,2020000,MAS,
c593,StargazeR,2020000,MAS,
c594,ゴーストルール,2020000,MAS,
c595,頓珍漢の宴,2020000,MAS,
c597,TOMORROW,2020000,MAS,
c598,Super Lovely (Heavenly Remix),2020000,MAS,
c599,Chocolate Happy,2020000,MAS,
c600,管弦楽組曲 第3番 ニ長調「第2曲（G線上のアリア）」BWV.1068-2,2020000,MAS,
c601,ここで一席！　Oshama Scramble!,2020000,MAS,
c604,ウサテイ,2020000,MAS,
c605,Scream out! -CHUNITHM Tuning-,2020000,MAS,
c606,Spring of Dreams,2020000,MAS,
c607,Floating Darkness,2020000,MAS,
c614,Change Our MIRAI！ (Our 7 Lights),2020000,MAS,
c615,Dual Fractal,2020000,MAS,
c616,Drivessover,2020000,MAS,
c617,Surveiller et punir,2020000,MAS,
c618,業 -善なる神とこの世の悪について-,2020000,MAS,
c619,End Time,2020000,MAS,
c625,volcanic,2020000,MAS,
c626,アンノウン・マザーグース,2020000,MAS,
c627,ゆけむり魂温泉 II,2020000,MAS,
c628,サドマミホリック,2020000,MAS,
c629,Candyland Symphony,2020000,MAS,
c631,初音ミクの激唱,2020000,MAS,
c632,つるぺったん,2020000,MAS,
c633,咲キ誇レ常世ノ華,2020000,MAS,
c635,チルノおかんのさいきょう☆バイブスごはん,2020000,MAS,
c636,放課後ストライド,2020000,MAS,
c637,きゅうりバーにダイブ,2020000,MAS,
c638,むしとりのうた,2020000,MAS,
c653,ミリオン／ワンズ,2020000,MAS,
c654,ブリキノダンス,2020000,MAS,
c655,フリィダム ロリィタ,2020000,MAS,
c656,DAYBREAK FRONTLINE,2020000,MAS,
c657,バレリーコ,2020000,MAS,
c658,おちゃめ機能,2020000,MAS,
c659,輪廻転生,2020000,MAS,
c660,シャルル,2020000,MAS,
c662,地獄の端にて君を待つ,2020000,MAS,
c663,聖少女サクリファイス,2020000,MAS,
c664,究極焼肉レストラン！お燐の地獄亭！,2020000,MAS,
c665,WARNING!,2020000,MAS,
c666,Paranoia,2020000,MAS,
c667,ナイト・オブ・ナイツ (Cranky Remix),2020000,MAS,
c668,Brain Power,2020000,MAS,
c669,ouroboros -twin stroke of the end-,2020000,MAS,
c670,GERBERA,2020000,MAS,
c671,Taiko Drum Monster,2020000,MAS,
c676,Nhelv,2020000,MAS,
c677,PUPA,2020000,MAS,
c678,Parousia,2020000,MAS,
c679,Papyrus,2020000,MAS,
c681,Black Lair,2020000,MAS,
c683,オーケー？　オーライ！,2020000,MAS,
c684,Black'n White JAMMIN' CATS,2020000,MAS,
c685,ライトスピード・デイズ,2020000,MAS,
c686,Fire me up,2020000,MAS,
c688,朝焼けプラットホーム,2020000,MAS,
c689,PAST,2020000,MAS,
c690,Blessed,2020000,MAS,
c691,FRIDAY FRIDAY,2020000,MAS,
c692,足立オウフwwww,2020000,MAS,
c693,Seagull,2020000,MAS,
c694,Blaster Heaven,2020000,MAS,
c695,ハートアタック,2020000,MAS,
c696,Summer is over,2020000,MAS,
c697,folern,2020000,MAS,
c698,2DVenture,2020000,MAS,
c699,ぜったい！昇天★鎮魂歌♂,2020000,MAS,
c700,夕焼けのRed Parade,2020000,MAS,
c701,StufeStern,2020000,MAS,
c702,スピカの天秤,2020000,MAS,
c703,涙色メモリア,2020000,MAS,
c704,Magic,2020000,MAS,
c705,男装女形表裏一体発狂小娘の詐称疑惑と苦悩と情熱。,2020000,MAS,
c706,コモリの怪物,2020000,MAS,
c707,中学2年生のアンドロイド,2020000,MAS,
c708,Life,2020000,MAS,
c710,Solstånd,2020000,MAS,
c711,Sqlupp,2020000,MAS,
c712,Climax,2020000,MAS,
c713,larva,2020000,MAS,
c715,CYCLES,2020000,MAS,
c716,夢花火,2020000,MAS,
c717,FEEL the BEATS,2020000,MAS,
c720,ロキ,2020000,MAS,
c721,Innocent Truth,2020000,MAS,
c722,CITRUS MONSTER,2020000,MAS,
c729,サヨナラフリーウェイ,2020000,MAS,
c730,Ai Nov,2020000,MAS,
c731,エンジェデビ,2020000,MAS,
c732,Servant of Love,2020000,MAS,
c733,アイリちゃんは暗黒魔導士!,2020000,MAS,
c734,電光石火,2020000,MAS,
c735,strelitzia,2020000,MAS,
c736,サヨナラチェーンソー,2020000,MAS,
c737,Seyana. ～何でも言うことを聞いてくれるアカネチャン～,2020000,MAS,
c738,はやくそれになりたい！,2020000,MAS,
c739,ちがう!!!,2020000,MAS,
c740,雨とペトラ,2020000,MAS,
c741,あうんどばいみー,2020000,MAS,
c742,White Traveling Girl,2020000,MAS,
c743,トランスダンスアナーキー,2020000,MAS,
c744,ゴールドビジョン,2020000,MAS,
c745,【東方ニコカラ】秘神マターラ feat.魂音泉【IOSYS】,2020000,MAS,
c746,Ever green Never end,2020000,MAS,
c747,咲かせよ 沸かせよ バンバンBURN！,2020000,MAS,
c749,Fracture Ray,2020000,MAS,
c750,Axium Crisis,2020000,MAS,
c751,Grievous Lady,2020000,MAS,
c752,CO5M1C R4ILR0AD,2020000,MAS,
c753,Pure Ruby,2020000,MAS,
c754,一世嬉遊曲‐ディヴェルティメント‐,2020000,MAS,
c755,恋のチャイム,2020000,MAS,
c756,逃げろ！サテライトキャンパス！！,2020000,MAS,
c757,THE BRASS OF GOODSPEED!!,2020000,MAS,
c760,カゲロウデイズ,2020000,MAS,
c761,妄想感傷代償連盟,2020000,MAS,
c762,Everlasting Today,2020000,MAS,
c763,Distance,2020000,MAS,
c764,Outlaw's Lullaby,2020000,MAS,
c765,The Pursuit of Speed,2020000,MAS,
c766,光線チューニング ～なずな妄想海フェスイメージトレーニングVer.～,2020000,MAS,
c768,39,2020000,MAS,
c771,Funny Funky Freaky,2020000,MAS,
c772,Pangaea,2020000,MAS,
c773,ZEUS,2020000,MAS,
c774,Agitation！,2020000,MAS,
c775,暗晦にハイライト,2020000,MAS,
c776,8-EM,2020000,MAS,
c777,Killing Rhythm,2020000,MAS,
c780,METEOR,2020000,MAS,
c781,ワールズエンド・ダンスホール,2020000,MAS,
c782,Worlds End,2020000,MAS,
c783,Shout Our Evidence!,2020000,MAS,
c784,YURUSHITE,2020000,MAS,
c785,ユメキキョウ,2020000,MAS,
c786,Black Swan Lake,2020000,MAS,
c787,GIGA DRIVE,2020000,MAS,
c788,Rebellion,2020000,MAS,
c791,Doll Judgment,2020000,MAS,
c792,お嫁にしなさいっ！,2020000,MAS,
c793,待チ人ハ来ズ。,2020000,MAS,
c795,命ばっかり,2020000,MAS,
c796,テオ,2020000,MAS,
c797,ハイセンスナンセンス,2020000,MAS,
c798,デンパラダイム,2020000,MAS,
c799,星の器～STAR OF ANDROMEDA,2020000,MAS,
c802,STARTLINER,2020000,MAS,
c803,Vibrant Verve,2020000,MAS,
c804,燃えてもエンジョイ！宛城、炎上！！,2020000,MAS,
c806,水晶世界 ～Fracture～,2020000,MAS,
c807,BlythE,2020000,MAS,
c810,UNION,2020000,MAS,
c815,ただ君に晴れ,2020000,MAS,
c816,ナンセンス文学,2020000,MAS,
c817,ロスタイムメモリー,2020000,MAS,
c818,ヒバナ,2020000,MAS,
c819,最終鬼畜妹フランドール・S,2020000,MAS,
c821,"""STAR""T",2020000,MAS,
c822,Excalibur ～Revived resolution～,2020000,MAS,
c823,Opfer,2020000,MAS,
c824,神威 (NAOKI × ZPP MIX),2020000,MAS,
c825,サヴァイバル・キリング・メーカー,2020000,MAS,
c826,ツクヨミステップ,2020000,MAS,
c827,【冒険】イングリット葛西降臨！【実況】,2020000,MAS,
c828,ハジマリノピアノ,2020000,MAS,
c829,レーイレーイ,2020000,MAS,
c830,Surrogate Life,2020000,MAS,
c831,Nijirate Fanatics,2020000,MAS,
c832,Destr0yer,2020000,MAS,
c833,R.I.P.,2020000,MAS,
c834,せかいせいふく！ゆりあちゃん！,2020000,MAS,
c835,Trackless wilderness,2020000,MAS,
c836,absolute rightness,2020000,MAS,
c837,Walzer für das Nichts,2020000,MAS,
c838,Lover's Trick,2020000,MAS,
c839,まごころのカスクルゥト,2020000,MAS,
c840,幾望の月,2020000,MAS,
c841,アカリがやってきたぞっ,2020000,MAS,
c842,おねがいダーリン,2020000,MAS,
c843,リンカーネイション,2020000,MAS,
c844,太陽系デスコ,2020000,MAS,
c845,▲MEW▲△MEW△CAKE,2020000,MAS,
c846,野良猫ハート,2020000,MAS,
c848,進捗どうですか？,2020000,MAS,
c849,単一指向性オーバーブルーム,2020000,MAS,
c850,《混乱》 ～ Muspell,2020000,MAS,
c851,《理想》 ～ Cloudland,2020000,MAS,
c852,《逃避》 ～ The Deserter,2020000,MAS,
c853,《最愛》 ～ Curse,2020000,MAS,
c854,《運命》 ～ Ray of Hope,2020000,MAS,
c856,Star Divine,2020000,MAS,
c858,御旗のもとに,2020000,MAS,
c859,みなえをチェック！,2020000,MAS,
c860,とーきょー全域★アキハバラ？ (ver.にこる),2020000,MAS,
c863,AXION,2020000,MAS,
c865,MEGATON BLAST,2020000,MAS,
c867,結んで開いて羅刹と骸,2020000,MAS,
c868,ダブルラリアット,2020000,MAS,
c869,＊ハロー、プラネット。,2020000,MAS,
c870,magnet,2020000,MAS,
c871,Pump!n,2020000,MAS,
c872,Endless Seeker,2020000,MAS,
c873,STRIPES feat. EL.J (2018 reinterpretation),2020000,MAS,
c874,Cosmic Magic Shooter,2020000,MAS,
c875,神楽,2020000,MAS,
c876,Bad Apple!! feat.nomico (Nhato Remix),2020000,MAS,
c877,ヴンダーカンマー,2020000,MAS,
c878,Destination,2020000,MAS,
c879,Fidget Dancer,2020000,MAS,
c880,Megameteor,2020000,MAS,
c881,Trrricksters!!,2020000,MAS,
c882,Road without Road,2020000,MAS,
c885,Ladymade Star,2020000,MAS,
c886,Memory of Beach,2020000,MAS,
c887,SON OF SUN,2020000,MAS,
c888,Rightfully,2020000,MAS,
c889,巫女みこナース・愛のテーマ,2020000,MAS,
c891,音弾超人ゴリライザー,2020000,MAS,
c893,Giselle,2020000,MAS,
c894,7 colors*,2020000,MAS,
c895,Life is PIANO,2020000,MAS,
c896,タテマエと本心の大乱闘,2020000,MAS,
c897,Zest of Blue,2020000,MAS,
c899,conflict(斉唱),2020000,MAS,
c900,チョウの標本,2020000,MAS,
c901,Be A Shooter！～NORMAL BIG BONUS～,2020000,MAS,
c909,Catch the Wave,2020000,MAS,
c910,Auxesia,2020000,MAS,
c911,Sound Chimera,2020000,MAS,
c912,やらなきゃいけないことばかり,2020000,MAS,
c913,エンドマークに希望と涙を添えて ～イロドリミドリアレンジ～,2020000,MAS,
c914,Secret Sleuth,2020000,MAS,
c915,Ghost Dance,2020000,MAS,
c916,モノクロトワイライト,2020000,MAS,
c917,シャッキーーン！！,2020000,MAS,
c918,《破滅》 ～ Rhapsody for The End,2020000,MAS,
c921,メルティランドナイトメア,2020000,MAS,
c922,絶対にチョコミントを食べるアオイチャン,2020000,MAS,
c923,だれかの心臓になれたなら,2020000,MAS,
c926,Kadenz,2020000,MAS,
c927,MARENOL,2020000,MAS,
c928,Day by Day CRiSiS Songs,2020000,MAS,
c929,Energy Booster ～ 上海紅茶館,2020000,MAS,
c930,7 days a week,2020000,MAS,
c931,メイドと血の懐中時計,2020000,MAS,
c932,ARROW RAIN feat. Ayame,2020000,MAS,
c933,悪戯センセーション,2020000,MAS,
c934,紅き魔汁、闇より降りて天啓の響きを導く,2020000,MAS,
c935,ロング・スロー・アライブ,2020000,MAS,
c936,迷える薔薇に終わらぬ夜を,2020000,MAS,
c937,パームカルマ,2020000,MAS,
c938,Therapeutic Hoedown,2020000,MAS,
c939,バイオレンストリガー,2020000,MAS,
c940,KILLER B,2020000,MAS,
c941,アヤカシ,2020000,MAS,
c942,残響,2020000,MAS,
c943,クレイジー・ビート,2020000,MAS,
c944,felys -final remix-,2020000,MAS,
c945,アフタースクール・エモーション,2020000,MAS,
c946,Jörqer,2020000,MAS,
c947,ちゅんちゅちゅチューン,2020000,MAS,
c948,ドルオタ忍道！楠子ノ巻,2020000,MAS,
c949,エキセントリックコンコン,2020000,MAS,
c950,大天使ユリア★降臨!,2020000,MAS,
c953,グリーンライツ・セレナーデ,2020000,MAS,
c954,ブレス・ユア・ブレス,2020000,MAS,
c955,Jump for Joy,2020000,MAS,
c958,インドア系ならトラックメイカー,2020000,MAS,
c959,Blackmagik Blazing,2020000,MAS,
c960,アイジャストロック,2020000,MAS,
c961,SUPER RESULT BEAT vol.1,2020000,MAS,
c962,檄！帝国華撃団＜新章＞,2020000,MAS,
c966,Jade Star,2020000,MAS,
c967,君と、この瞬間,2020000,MAS,
c968,We Are Us,2020000,MAS,
c969,U ARE,2020000,MAS,
c970,ハードコア・シンドローム,2020000,MAS,
c971,Hainuwele,2020000,MAS,
c972,宿星審判,2020000,MAS,
c973,Perfect Shining!!,2020000,MAS,
c974,みんな Happy!!,2020000,MAS,
c975,Here We Go,2020000,MAS,
c976,P！P！P！P！がおー!!,2020000,MAS,
c978,Ascension to Heaven,2020000,MAS,
c979,Sweet Requiem,2020000,MAS,
c980,レータイスパークEx,2020000,MAS,
c981,小悪魔の遊園地,2020000,MAS,
c982,The Metaverse -First story of the SeelischTact-,2020000,MAS,
c983,命に嫌われている,2020000,MAS,
c984,乙女解剖,2020000,MAS,
c987,フィクサー,2020000,MAS,
c988,テリトリーバトル,2020000,MAS,
c989,ROAD TO DREAM,2020000,MAS,
c990,絶対トキメキデリバリー,2020000,MAS,
c991,Yume no hajimari,2020000,MAS,
c992,Hey Yeah!!,2020000,MAS,
c993,B100d Hunter,2020000,MAS,
c994,Last Celebration,2020000,MAS,
c997,Cyaegha,2020000,MAS,
c998,Arcahv,2020000,MAS,
c999,AttraqtiA,2020000,MAS,
c1002,だから僕は音楽を辞めた,2020000,MAS,
c1004,ドラマツルギー,2020000,MAS,
c1005,彗星ハネムーン,2020000,MAS,
c1006,アンクローズ・ヒューマン,2020000,MAS,
c1007,ベノム,2020000,MAS,
c1008,ナイト・オブ・ナイツ (USAO Remix),2020000,MAS,
c1009,Alea jacta est!,2020000,MAS,
c1010,Viyella's Tears,2020000,MAS,
c1011,Paqqin (tpz Despair Remix),2020000,MAS,
c1012,Jack the GAME,2020000,MAS,
c1013,宙の隣,2020000,MAS,
c1014,Just You,2020000,MAS,
c1015,Insane Gamemode,2020000,MAS,
c1016,Parad'ox,2020000,MAS,
c1017,ANU,2020000,MAS,
c1019,愛されなくても君がいる,2020000,MAS,
c1020,ぽかぽかの星,2020000,MAS,
c1021,スターナイトスノウ,2020000,MAS,
c1022,白ゆき,2020000,MAS,
c1023,Shiny Smily Story,2020000,MAS,
c1025,疾走あんさんぶる,2020000,MAS,
c1026,しゅわスパ大作戦☆,2020000,MAS,
c1027,LOVE EAST,2020000,MAS,
c1028,MELtin' 17,2020000,MAS,
c1029,《狂乱》 ～ Cataclysm,2020000,MAS,
c1030,《投影》 ～ Oh My Baby Doll,2020000,MAS,
c1031,《信仰》 ～ Eudaimonia,2020000,MAS,
c1032,《選別》 ～ Refuge,2020000,MAS,
c1033,《本能》 ～ ReCoda,2020000,MAS,
c1035,赤壁、大炎上！！,2020000,MAS,
c1037,Everything For A Reason,2020000,MAS,
c1038,Technicians High,2020000,MAS,
c1039,恋はりんりん☆あーりんベル,2020000,MAS,
c1040,LINK LINK FEVER!!!,2020000,MAS,
c1041,DX超性能フルメタル少女,2020000,MAS,
c1042,SKYSCRAPER,2020000,MAS,
c1043,Lemegeton -little key of solomon-,2020000,MAS,
c1044,BUCHiGiRE Berserker,2020000,MAS,
c1048,ぷよぷよのうた ピコピコミックス,2020000,MAS,
c1055,Wizdomiot,2020000,MAS,
c1056,なんかノイズにきこえる,2020000,MAS,
c1057,Over Heart,2020000,MAS,
c1058,the EmpErroR,2020000,MAS,
c1059,"Good bye, Merry-Go-Round.",2020000,MAS,
c1060,レイニーカラー・ウォーターカラー,2020000,MAS,
c1061,おいでよ！ 高須らいむランド,2020000,MAS,
c1062,Charlatan,2020000,MAS,
c1063,萌豚♥功夫♥大乱舞,2020000,MAS,
c1064,つっぱれ！にゃんきー魂,2020000,MAS,
c1065,"Athlete Killer ""Meteor""",2020000,MAS,
c1066,Blazing:Storm,2020000,MAS,
c1067,アンドロイドガール,2020000,MAS,
c1068,こちら、幸福安心委員会です。,2020000,MAS,
c1069,惑星ループ,2020000,MAS,
c1070,ふぃーばー,2020000,MAS,
c1071,Earthquake Super Shock,2020000,MAS,
c1072,はたてのバッコイ殺人事件,2020000,MAS,
c1073,ポーカーフェイス,2020000,MAS,
c1074,ケ・セラ・セラ奇想曲,2020000,MAS,
c1075,C & B,2020000,MAS,
c1076,月詠に鳴る,2020000,MAS,
c1077,Blessed Rain,2020000,MAS,
c1078,Elemental Ethnic,2020000,MAS,
c1079,X7124,2020000,MAS,
c1080,異世界かるてっと,2020000,MAS,
c1081,正体判明ネームレスガール,2020000,MAS,
c1082,ここからはじまるプロローグ。,2020000,MAS,
c1083,福宿音屋魂音泉,2020000,MAS,
c1084,BLACK ROSE,2020000,MAS,
c1085,BATTLE NO.1,2020000,MAS,
c1086,祈 -我ら神祖と共に歩む者なり-,2020000,MAS,
c1087,GAME IS LIFE,2020000,MAS,
c1088,GranFatalité,2020000,MAS,
c1089,SWEET SHAKE!!,2020000,MAS,
c1090,What color...,2020000,MAS,
c1091,クロートーと星の観測者,2020000,MAS,
c1092,真千年女王,2020000,MAS,
c1094,[CRYSTAL_ACCESS],2020000,MAS,
c1096,ベースラインやってる？笑,2020000,MAS,
c1098,董卓討つべし,2020000,MAS,
c1099,セカイはまだ始まってすらいない,2020000,MAS,
c1100,TECHNOPOLIS 2085,2020000,MAS,
c1101,ハルシナイト,2020000,MAS,
c1102,Dark Diver,2020000,MAS,
c1103,Tattoo,2020000,MAS,
c1104,呪歌-JyuKa-,2020000,MAS,
c1105,再生不能,2020000,MAS,
c1106,アポカリプスに反逆の焔を焚べろ,2020000,MAS,
c1107,AstrøNotes.,2020000,MAS,
c2000,No.1,2020000,MAS,
c2001,ザ・ライブ革命でSHOW！,2020000,MAS,
c2002,Yes! Party Time!!,2020000,MAS,
c2006,香水,2020000,MAS,
c2007,猫 ～THE FIRST TAKE ver.～,2020000,MAS,
c2008,インフェルノ,2020000,MAS,
c2009,残酷な天使のテーゼ,2020000,MAS,
c2010,夜に駆ける,2020000,MAS,
c2012,紅,2020000,MAS,
c2013,GO! GO! MANIAC,2020000,MAS,
c2014,廻廻奇譚,2020000,MAS,
c2015,エクストラ・マジック・アワー,2020000,MAS,
c2016,名前のない怪物,2020000,MAS,
c2017,ヴィラン,2020000,MAS,
c2018,KING,2020000,MAS,
c2019,電脳少女は歌姫の夢を見るか？,2020000,MAS,
c2020,心予報,2020000,MAS,
c2021,拝啓、桜舞い散るこの日に,2020000,MAS,
c2022,セカイ,2020000,MAS,
c2023,ローリンガール,2020000,MAS,
c2024,骸骨楽団とリリア,2020000,MAS,
c2025,失敗作少女,2020000,MAS,
c2026,高音厨音域テスト,2020000,MAS,
c2027,深海のリトルクライ feat. 土岐麻子,2020000,MAS,
c2028,ナイト・オブ・ナイツ (かめりあ’s“ワンス・アポン・ア・ナイト”Remix),2020000,MAS,
c2029,Bad Apple!! feat.nomico (REDALiCE Remix),2020000,MAS,
c2030,No Life Queen [DJ Command Remix],2020000,MAS,
c2031,"Little ""Sister"" Bitch",2020000,MAS,
c2032,キャプテン・ムラサのケツアンカー,2020000,MAS,
c2033,ホイホイ☆幻想ホロイズム,2020000,MAS,
c2034,A Site De La Rue,2020000,MAS,
c2035,XL TECHNO -More Dance Remix-,1007499,MAS,
c2036,CHAOS,2020000,MAS,
c2037,二次元ドリームフィーバー,2020000,MAS,
c2038,SINister Evolution,2020000,MAS,
c2039,]-[|/34<#!,2020000,MAS,
c2040,Crimson Phoenix,2020000,MAS,
c2041,8OROCHI,2020000,MAS,
c2042,Satellite System ft.Diana Chiaki,2020000,MAS,
c2043,DAZZLING♡SEASON,2020000,MAS,
c2044,ミュージック・リボルバー,2020000,MAS,
c2045,REDRAVE,2020000,MAS,
c2046,BLUE ZONE,2020000,MAS,
c2047,花たちに希望を,2020000,MAS,
c2048,召しませ！Rock'n Roll Party,2020000,MAS,
c2049,脳天直撃,2020000,MAS,
c2050,封焔の135秒,2020000,MAS,
c2052,UltraNeon,2020000,MAS,
c2053,雪男,2020000,MAS,
c2054,DDDD,2020000,MAS,
c2055,Ring,2020000,MAS,
c2056,Blazing Break,2020000,MAS,
c2057,Give me Love♡,2020000,MAS,
c2058,Crack,2020000,MAS,
c2059,STAR IN THE WORLD,2020000,MAS,
c2060,蜘蛛の糸,2020000,MAS,
c2061,コスモポップファンクラブ,2020000,MAS,
c2062,夢路拍子,2020000,MAS,
c2063,人生攻略☆Tips,2020000,MAS,
c2064,ピュグマリオンの咒文,2020000,MAS,
c2065,創世のコンツェルティーナ,2020000,MAS,
c2066,Fantasm,2020000,MAS,
c2067,Echoes,2020000,MAS,
c2068,Super Kitsch Mode,2020000,MAS,
c2069,Pre Paid Pog Punk Panic,2020000,MAS,
c2070,自分勝手Dazzling,2020000,MAS,
c2071,Utopithm,2020000,MAS,
c2072,妖怪ですから,2020000,MAS,
c2073,Glory Days,2020000,MAS,
c2074,Spiral Fortune,2020000,MAS,
c2075,キズナミュージック♪,2020000,MAS,
c2076,FIRE BIRD,2020000,MAS,
c2077,最強 the サマータイム!!!!!,2020000,MAS,
c2078,I believe what you said,2020000,MAS,
c2079,スーサイドパレヱド,2020000,MAS,
c2080,永遠にゲームで対戦したいキリタン,2020000,MAS,
c2081,アンヘル,2020000,MAS,
c2082,Get a Life！,2020000,MAS,
c2083,ロストワードクロニカル,2020000,MAS,
c2084,Yakumo >>JOINT STRUGGLE (2019 Update),2020000,MAS,
c2085,全力ハッピーライフ,2020000,MAS,
c2086,明星ロケット,2020000,MAS,
c2087,神々が恋した幻想郷,2020000,MAS,
c2089,Love & Justice,2020000,MAS,
c2090,《自戒》 ～ Paganelope,2020000,MAS,
c2091,《紀律》 ～ As One,2020000,MAS,
c2092,《種子》 ～ Set You Free,2020000,MAS,
c2093,《偏愛》 ～ Shattered Memories,2020000,MAS,
c2094,Limits,2020000,MAS,
c2095,天空カフェテリア,2020000,MAS,
c2096,ヒバリ,2020000,MAS,
c2097,Say!ファンファーレ!,2020000,MAS,
c2098,Virtual to LIVE,2020000,MAS,
c2099,Don't Fight The Music,2020000,MAS,
c2100,Realize,2020000,MAS,
c2101,ラグトレイン,2020000,MAS,
c2102,幽霊東京,2020000,MAS,
c2103,ポジティブ・パレード,2020000,MAS,
c2105,Blueprint,2020000,MAS,
c2106,Kattobi舞高Riders,2020000,MAS,
c2107,FLARE,2020000,MAS,
c2108,UTAKATA,2020000,MAS,
c2109,Rule the World!!,2020000,MAS,
c2110,どうぶつ☆パラダイス,2020000,MAS,
c2111,Radiance,2020000,MAS,
c2112,Lost Princess,2020000,MAS,
c2113,Mirage Game,2020000,MAS,
c2114,ルナティックレッドアイズ,2020000,MAS,
c2115,#FairyJoke,2020000,MAS,
c2116,NewStartでReadyGo!,2020000,MAS,
c2117,Qliphothgear,2020000,MAS,
c2118,SQUAD-Phvntom-,2020000,MAS,
c2119,parvorbital,2020000,MAS,
c2120,Inpaqq,2020000,MAS,
c2121,Strange Love,2020000,MAS,
c2122,Akasagarbha -reincarnate-,2020000,MAS,
c2123,なだめスかし Negotiation（TVsize）,2020000,MAS,
c2124,88D,2020000,MAS,
c2125,カラッポ・ノンフィクション,2020000,MAS,
c2126,Tuk Tuk Boshi,2020000,MAS,
c2127,プナイプナイたいそう,2020000,MAS,
c2128,多重未来のカルテット -Quartet Theme-,2020000,MAS,
c2129,Starduster,2020000,MAS,
c2130,崩壊歌姫 -disruptive diva-,2020000,MAS,
c2131,マージナル,2020000,MAS,
c2132,ぽっぴっぽー,2020000,MAS,
c2133,The secret garden,2020000,MAS,
c2134,Iudicium “Apocalypsis Mix”,2020000,MAS,
c2135,IMPACT,2020000,MAS,
c2136,Long shot,2020000,MAS,
c2137,MEGALOVANIA,2020000,MAS,
c2138,NightTheater,2020000,MAS,
c2139,圧　倒　的　存　在　感,2020000,MAS,
c2140,ピアノ協奏曲第１番”蠍火”,2020000,MAS,
c2141,永遠のAria,2020000,MAS,
c2142,うまぴょい伝説,2020000,MAS,
c2143,うっせぇわ,2020000,MAS,
c2144,天火明命,2020000,MAS,
c2145,Blows Up Everything,2020000,MAS,
c2146,Baqeela,2020000,MAS,
c2147,花と、雪と、ドラムンベース。,2020000,MAS,
c2148,グッバイ宣言,2020000,MAS,
c2149,テレキャスタービーボーイ,2020000,MAS,
c2150,ボッカデラベリタ,2020000,MAS,
c2151,ヴァンパイア,2020000,MAS,
c2152,帝国少女,2020000,MAS,
c2153,クーネル・エンゲイザー,2020000,MAS,
c2154,回転 feat.あやぽんず＊,2020000,MAS,
c2155,SOUL 2 DIVIDE,2020000,MAS,
c2156,Cinderella Story [BlackY Remix],2020000,MAS,
c2157,妖々跋扈　～ Who done it！！！,2020000,MAS,
c2158,宵闇の月に抱かれて,2020000,MAS,
c2160,Starting Over,2020000,MAS,
c2161,POTENTIAL,2020000,MAS,
c2162,まっすぐ→→→ストリーム！,2020000,MAS,
c2163,トリドリ⇒モリモリ! Lovely fruits☆,2020000,MAS,
c2164,夜明けのストリング,2020000,MAS,
c2165,Valsqotch,2020000,MAS,
c2166,違う、そうじゃない,2020000,MAS,
c2167,俺ら東京さ行ぐだ,2020000,MAS,
c2168,J219,2020000,MAS,
c2169,CAT'S EYE,2020000,MAS,
c2170,ヤミツキ,2020000,MAS,
c2171,Titania,2020000,MAS,
c2172,Cry Baby,2020000,MAS,
c2173,怪物,2020000,MAS,
c2174,明け星,2020000,MAS,
c2175,シル・ヴ・プレジデント,2020000,MAS,
c2176,さんさーら！,2020000,MAS,
c2177,ギラギラ,2020000,MAS,
c2178,モア！ジャンプ！モア！,2020000,MAS,
c2179,携帯恋話,2020000,MAS,
c2180,エンヴィーベイビー,2020000,MAS,
c2181,ダーリンダンス,2020000,MAS,
c2182,初音天地開闢神話,2020000,MAS,
c2183,無間嫉妬劇場『666』,2020000,MAS,
c2184,ENDYMION,2020000,MAS,
c2185,竹,2020000,MAS,
c2186,Forever and…,2020000,MAS,
c2187,タイムカプセル,2020000,MAS,
c2188,パズルリボン,2020000,MAS,
c2189,Be4Step,2020000,MAS,
c2190,Everlasting Liberty,2020000,MAS,
c2191,とびだせ！TO THE COSMIC!!,2020000,MAS,
c2192,星めぐり、果ての君へ。,2020000,MAS,
c2193,モ°ルモ°ル,2020000,MAS,
c2194,蒼穹舞楽,2020000,MAS,
c2195,Komplexe,2020000,MAS,
c2196,愛のシンギュラリティ,2020000,MAS,
c2197,アナタニナルノ,2020000,MAS,
c2198,コトバウタ,2020000,MAS,
c2199,A Man In The Mirror,2020000,MAS,
c2200,Dig Delight!,2020000,MAS,
c2201,Floor Killer,2020000,MAS,
c2202,ジャンキーナイトタウンオーケストラ,2020000,MAS,
c2203,エバ,2020000,MAS,
c2204,トラフィック・ジャム,2020000,MAS,
c2205,舞高最強ドリームセッション!!!!! ～180秒一曲勝負～,2020000,MAS,
c2206,HERA,2020000,MAS,
c2207,I'll make you Super Rock Star,2020000,MAS,
c2208,Reverberate,2020000,MAS,
c2209,Breakthrough,2020000,MAS,
c2210,Scythe of Death,2020000,MAS,
c2211,くらべられっ子,2020000,MAS,
c2212,あの世行きのバスに乗ってさらば。,2020000,MAS,
c2213,泥の分際で私だけの大切を奪おうだなんて,2020000,MAS,
c2214,吉原ラメント,2020000,MAS,
c2215,フォニイ,2020000,MAS,
c2216,愛のシュプリーム！,2020000,MAS,
c2217,めいど・うぃず・どらごんず♥,2020000,MAS,
c2218,Re：End of a Dream,2020000,MAS,
c2219,僕らのFreedom DiVE↓,2020000,MAS,
c2220,色彩過剰のダイアリーミュージック,2020000,MAS,
c2221,Last Kingdom,2020000,MAS,
c2222,3倍！Sun Shine！カーニバル！,2020000,MAS,
c2223,地獄屋八丁荒らし,2020000,MAS,
c2224,ハッピーエンドをはじめから,2020000,MAS,
c2225,過去を喰らう,2020000,MAS,
c2226,失礼しますが、RIP♡,2020000,MAS,
c2227,Splash Dance!!,2020000,MAS,
c2228,帰り道,2020000,MAS,
c2229,QZKago Requiem,2020000,MAS,
c2230,#SUP3RORBITAL,2020000,MAS,
c2231,WE'RE BACK!!,2020000,MAS,
c2232,Brightness,2020000,MAS,
c2233,Λzure Vixen,2020000,MAS,
c2234,僕の戦争,2020000,MAS,
c2235,ポケットからぬりつぶせ！,2020000,MAS,
c2236,Y.Y.Y.計画!!!!,2020000,MAS,
c2237,最っ高のエンタメだ!!,2020000,MAS,
c2238,GODLINESS,2020000,MAS,
c2239,ホーリーサンバランド,2020000,MAS,
c2240,MALKUTH -The Last Ruler of Terrestrials-,2020000,MAS,
c2241,DA'AT -The First Seeker of Souls-,2020000,MAS,
c2242,キルミーのベイベー！,2020000,MAS,
c2243,Rumbling hearts,2020000,MAS,
c2244,非実在系女子達はどうすりゃいいですか？,2020000,MAS,
c2245,恋ひ恋ふ縁,2020000,MAS,
c2246,Transcend Lights,2020000,MAS,
c2247,Get the star for you [DJ Command Remix],2020000,MAS,
c2248,Music Evolution,2020000,MAS,
c2249,ハウリング,2020000,MAS,
c2250,寡黙なるフォール,2020000,MAS,
c2251,みずいろレインドロップ,2020000,MAS,
c2252,BlackFlagBreaker!!,2020000,MAS,
c2253,レッド・ルーラー,2020000,MAS,
c2254,1,2020000,MAS,
c2255,Before I Rise,2020000,MAS,
c2257,ミックスナッツ,2020000,MAS,
c2258,阿修羅ちゃん,2020000,MAS,
c2259,なにやってもうまくいかない,2020000,MAS,
c2260,ユメヲカケル！,2020000,MAS,
c2261,いただきバベル (Prod. ケンモチヒデフミ),2020000,MAS,
c2262,キュートなカノジョ,2020000,MAS,
c2263,神っぽいな,2020000,MAS,
c2264,トンデモワンダーズ,2020000,MAS,
c2265,スカーレット警察のゲットーパトロール24時,2020000,MAS,
c2266,I'm so Happy,2020000,MAS,
c2267,Random,2020000,MAS,
c2268,超Rock The Party,2020000,MAS,
c2269,アンビバレンス,2020000,MAS,
c2270,TEmPTaTiON,2020000,MAS,
c2271,Falsum Atlantis.,2020000,MAS,
c2272,ミラージュ・フレイグランス,2020000,MAS,
c2273,インパアフェクシオン・ホワイトガアル,2020000,MAS,
c2274,クリーパー,2020000,MAS,
c2275,Ignition,2020000,MAS,
c2276,推してもダメならひいてみな！,2020000,MAS,
c2277,ガチ恋ラビリンス,2020000,MAS,
c2278,CELERITAS,2020000,MAS,
c2279,グラウンドスライダー協奏曲第一番「風唄」,2020000,MAS,
c2280,Crawler / Flyer,2020000,MAS,
c2281,Re:Credits,2020000,MAS,
c2282,Cheat Sheet,2020000,MAS,
c2283,One Room Sky,2020000,MAS,
c2285,Revived,2020000,MAS,
c2286,デザイアシューティング,2020000,MAS,
c2287,Mami Mami Zone,2020000,MAS,
c2288,Armageddon,2020000,MAS,
c2289,田中,2020000,MAS,
c2290,INSIDE IDENTITY,2020000,MAS,
c2291,Van!shment Th!s World,2020000,MAS,
c2292,がんばれ！蜘蛛子さんのテーマ,2020000,MAS,
c2293,新世界スターター,2020000,MAS,
c2294,Girl's Party Planet!,2020000,MAS,
c2295,Viyella's Scream,2020000,MAS,
c2296,Desperado Waltz,2020000,MAS,
c2297,HiGHER,2020000,MAS,
c2298,めっちゃ煽ってくるタイプの音ゲーボス曲ちゃんなんかに負けないが？？？？？,2020000,MAS,
c2299,Breaking Dawn (feat. 棗いつき),2020000,MAS,
c2300,Odin,2020000,MAS,
c2301,Wildfire,2020000,MAS,
c2302,ステラ,2020000,MAS,
c2303,Ready Steady,2020000,MAS,
c2304,群青讃歌,2020000,MAS,
c2305,キャットラビング,2020000,MAS,
c2306,マーシャル・マキシマイザー,2020000,MAS,
c2307,GRÄNDIR,2020000,MAS,
c2308,Advance（CHUNITHM edit）,2020000,MAS,
c2309,Let's Starry Party！,2020000,MAS,
c2310,任せてJC陰陽師☆八雲ちゃん,2020000,MAS,
c2311,†大闘士＝クライン・フォーゲル・シュピール＝えりか†,2020000,MAS,
c2312,Fallin' Darlin' Rollin',2020000,MAS,
c2313,恋するみたいに☆かませレッドヘルズ,2020000,MAS,
c2314,シンデレラ,2020000,MAS,
c2315,アニマル,2020000,MAS,
c2316,パラサイト,2020000,MAS,
c2317,きゅうくらりん,2020000,MAS,
c2318,生きる,2020000,MAS,
c2319,MAIGAHARA パンチラインキッカーズ,2020000,MAS,
c2320,エータ・ベータ・イータ,2020000,MAS,
c2321,irony,2020000,MAS,
c2322,お空のニュークリアフュージョン道場,2020000,MAS,
c2323,全人類ノ非想天則,2020000,MAS,
c2324,三妖精SAY YA!!!,2020000,MAS,
c2326,U&iVERSE -銀河鸞翔-,2020000,MAS,
c2327,RELOAD,2020000,MAS,
c2328,アイ情劣等生,2020000,MAS,
c2329,アイロニック,2020000,MAS,
c2330,孤独毒毒,2020000,MAS,
c2331,スティールユー,2020000,MAS,
c2332,マチガイサガシ,2020000,MAS,
c2333,痛快リズムアクション「B.B.K.K.B.K.K.」,2020000,MAS,
c2334,SUPER AMBULANCE,2020000,MAS,
c2336,盟月,2020000,MAS,
c2337,Bitter Juicy,2020000,MAS,
c2338,Disruptor Array,2020000,MAS,
c2339,Daphnis,2020000,MAS,
c2340,To：Be Continued,2020000,MAS,
c2341,アマカミサマ,2020000,MAS,
c2342,だじゃれくりえぃしょん,2020000,MAS,
c2343,ワールドイズマイン,2020000,MAS,
c2344,フューチャー・イヴ,2020000,MAS,
c2345,Magic Rock'n Roll Maker,2020000,MAS,
c2346,FLUFFY FLASH,2020000,MAS,
c2347,Alexandrite,2020000,MAS,
c2348,PRAGMATISM -RESURRECTION-,2020000,MAS,
c2349,Alice's Suitcase,2020000,MAS,
c2350,迷える音色は恋の唄,2020000,MAS,
c2351,Sheriruth,2020000,MAS,
c2352,STARRED HEART,2020000,MAS,
c2353,幻想即興曲,2020000,MAS,
c2354,月の光,2020000,MAS,
c2355,「四季」より「冬」,2020000,MAS,
c2356,Moon of Noon,2020000,MAS,
c2358,4月1日でございました,2020000,MAS,
c2359,五等分のカタチ,2020000,MAS,
c2360,魔法少女とチョコレゐト,2020000,MAS,
c2361,少女レイ,2020000,MAS,
c2362,超常マイマイン,2020000,MAS,
c2363,VIIIbit Explorer,2020000,MAS,
c2364,MAXRAGE,2020000,MAS,
c2365,ぱくぱく☆がーる,2020000,MAS,
c2366,Resolution,2020000,MAS,
c2367,ヒストリー×ブレイカー,2020000,MAS,
c2368,"Ruler Count, Zero",2020000,MAS,
c2369,絆はずっとGrowing Up!!!,2020000,MAS,
c2370,アマツカミ,2020000,MAS,
c2371,No Limit RED Force,2020000,MAS,
c2372,進め！マイウェイ！,2020000,MAS,
c2373,Burn My Soul,2020000,MAS,
c2381,Let you DIVE!,2020000,MAS,
c2382,Knight Rider,2020000,MAS,
c2383,ADAM,2020000,MAS,
c2384,Exitium,2020000,MAS,
c2385,eden,2020000,MAS,
c2386,青春コンプレックス,2020000,MAS,
c2387,ギターと孤独と蒼い惑星,2020000,MAS,
c2388,INTERNET OVERDOSE,2020000,MAS,
c2389,新時代（ウタfrom ONE PIECE FILM RED）,2020000,MAS,
c2390,祝福,2020000,MAS,
c2391,刃渡り2億センチ(TV edit),2020000,MAS,
c2392,おとせサンダー,2020000,MAS,
c2393,カレシのジュード,2020000,MAS,
c2394,サラマンダー,2020000,MAS,
c2395,酔いどれ知らず,2020000,MAS,
c2397,もぺもぺ,2020000,MAS,
c2398,neu,2020000,MAS,
c2399,雷切-RAIKIRI-,2020000,MAS,
c2400,LAMIA,2020000,MAS,
c2401,オンソクデイズ!!,2020000,MAS,
c2403,ウルガレオン,2020000,MAS,
c2404,やめらんないな!,2020000,MAS,
c2405,Dive a Wave,2020000,MAS,
c2406,ASH,2020000,MAS,
c2407,Makear,2020000,MAS,
c2408,プライマリー進化論,2020000,MAS,
c2409,フリーフォール,2020000,MAS,
c2410,Invisible Frenzy,2020000,MAS,
c2411,Quon,2020000,MAS,
c2412,幻想症候群,2020000,MAS,
c2413,夜のサーカス,2020000,MAS,
c2414,Pris-Magic!,2020000,MAS,
c2415,放課後マーメイド,2020000,MAS,
c2416,Snow Colored Score,2020000,MAS,
c2417,LiftOff,2020000,MAS,
c2418,独りんぼエンヴィー,2020000,MAS,
c2420,Shine In The Sky☆,2020000,MAS,
c2421,よりみちリトルスター,2020000,MAS,
c2422,Hydra,2020000,MAS,
c2425,Survive,2020000,MAS,
c2426,シンデレラディスコ,2020000,MAS,
c2427,うたかたのせかいで,2020000,MAS,
c2428,とあちゃんのおもちゃ箱,2020000,MAS,
c2429,白庭,2020000,MAS,
c2430,REL0VE REL1VE,2020000,MAS,
c2431,deadeye,2020000,MAS,
c2432,Aiolos,2020000,MAS,
c2433,花となれ,2020000,MAS,
c2434,カノン,2020000,MAS,
c2435,異星にいこうね,2020000,MAS,
c2436,悪魔の踊り方,2020000,MAS,
c2437,ド屑,2020000,MAS,
c2438,夏色花火,2020000,MAS,
c2439,夢と幻想の終点にて,2020000,MAS,
c2440,Superbia,2020000,MAS,
c2441,空間創造理論,2020000,MAS,
c2442,βlαnoir,2020000,MAS,
c2443,リハーサルタイム,2020000,MAS,
c2444,Cult future,2020000,MAS,
c2445,Night Spider,2020000,MAS,
c2446,#あくあ色ぱれっと,2020000,MAS,
c2447,いつかオトナになれるといいね。,2020000,MAS,
c2448,story,2020000,MAS,
c2449,ばかみたい【Taxi Driver Edition】,2020000,MAS,
c2450,セガサターン起動音[H.][Remix],2020000,MAS,
c2451,スン(マイル)フラワー～Sun(Mile)Flower,2020000,MAS,
c2452,あなたは世界の終わりにずんだを食べるのだ,2020000,MAS,
c2453,ちょっとあざとい,2020000,MAS,
c2454,snooze,2020000,MAS,
c2455,ONE SAME GOAL,2020000,MAS,
c2456,Vibes 2k20,2020000,MAS,
c2457,《真紅》 ～ Pavane Pour La Flamme,2020000,MAS,
c2458,《楽土》 ～ One and Only One,2020000,MAS,
c2459,《散華》 ～ EMBARK,2020000,MAS,
c2460,《慈雨》 ～ La Symphonie de Salacia: Agony Movement,2020000,MAS,
c2461,"《創造》 ～ Cries, beyond The End",2020000,MAS,
c2463,反撃! 突撃! Back To Back!,2020000,MAS,
c2464,Sad Creature,2020000,MAS,
c2465,Goodbye Innocence,2020000,MAS,
c2466,Λlteration,2020000,MAS,
c2467,Regulus,2020000,MAS,
c2468,カリスマ煉獄天神,2020000,MAS,
c2469,シアワセうさぎ,2020000,MAS,
c2475,Chaotic Ørder,2020000,MAS,
c2476,ぽかぽか温泉音頭,2020000,MAS,
c2477,sølips,2020000,MAS,
c2478,茉子の日常,2020000,MAS,
c2479,キズナヒトツ,2020000,MAS,
c2480,GEOMETRIC DANCE,2020000,MAS,
c2481,Love Cheat!,2020000,MAS,
c2482,ドーナドーナのうた,2020000,MAS,
c2483,未来への咆哮,2020000,MAS,
c2485,Singularity,2020000,MAS,
c2486,ワンダーシャッフェンの法則,2020000,MAS,
c2487,Paradisoda,2020000,MAS,
c2488,Yorugao,2020000,MAS,
c2489,ハイファイ☆デイズ,2020000,MAS,
c2490,ALIVE,2020000,MAS,
c2491,可愛くてごめん,2020000,MAS,
c2492,"トウキョウ・シャンディ・ランデヴ feat. 花譜, ツミキ",2020000,MAS,
c2493,マツケンサンバⅡ,2020000,MAS,
c2494,アイドル,2020000,MAS,
c2495,STORM,2020000,MAS,
c2496,さくゆいたいそう,2020000,MAS,
c2497,アイデン貞貞メルトダウン,2020000,MAS,
c2498,ひめごと＊クライシスターズ,2020000,MAS,
c2499,Stellar Stellar,2020000,MAS,
c2500,不可解,2020000,MAS,
c2500,不可解,2020000,ULT,
c2501,海に化ける,2020000,MAS,
c2501,海に化ける,2020000,ULT,
c2502,パラレルサーチライト,2020000,MAS,
c2502,パラレルサーチライト,2020000,ULT,
c2505,ラブカ？,2020000,MAS,
c2505,ラブカ？,2020000,ULT,
c2506,強風オールバック,2020000,MAS,
c2506,強風オールバック,2020000,ULT,
c2507,星界ちゃんと可不ちゃんのおつかい合騒曲,2020000,MAS,
c2507,星界ちゃんと可不ちゃんのおつかい合騒曲,2020000,ULT,
c2508,リレイアウター,2020000,MAS,
c2508,リレイアウター,2020000,ULT,
c2509,おどロボ,2020000,MAS,
c2509,おどロボ,2020000,ULT,
c2510,Beat Eater,2020000,MAS,
c2510,Beat Eater,2020000,ULT,
c2511,Glory Steady Go!,2020000,MAS,
c2511,Glory Steady Go!,2020000,ULT,
c2512,ロウワー,2020000,MAS,
c2512,ロウワー,2020000,ULT,
c2513,てらてら,2020000,MAS,
c2513,てらてら,2020000,ULT,
c2514,天使のクローバー,2020000,MAS,
c2514,天使のクローバー,2020000,ULT,
c2515,イナイイナイ依存症,2020000,MAS,
c2515,イナイイナイ依存症,2020000,ULT,
c2517,バグ,2020000,MAS,
c2517,バグ,2020000,ULT,
c2518,ミラクルペイント,2020000,MAS,
c2518,ミラクルペイント,2020000,ULT,
c2519,ブラック★ロックシューター,2020000,MAS,
c2519,ブラック★ロックシューター,2020000,ULT,
c2525,本物のヒーローとの戦い,2020000,MAS,
c2525,本物のヒーローとの戦い,2020000,ULT,
c2526,華麗なる死闘,2020000,MAS,
c2526,華麗なる死闘,2020000,ULT,
c2528,Blow My Mind,2020000,MAS,
c2528,Blow My Mind,2020000,ULT,
c2529,Jakarta PROGRESSION,2020000,MAS,
c2529,Jakarta PROGRESSION,2020000,ULT,
c2530,VALLIS-NERIA,2020000,MAS,
c2530,VALLIS-NERIA,2020000,ULT,
c2531,Big Bang,2020000,MAS,
c2531,Big Bang,2020000,ULT,
c2532,Spasmodic,2020000,MAS,
c2532,Spasmodic,2020000,ULT,
c2533,ΩΩPARTS,2020000,MAS,
c2533,ΩΩPARTS,2020000,ULT,
c2534,ENERGY SYNERGY MATRIX,2020000,MAS,
c2534,ENERGY SYNERGY MATRIX,2020000,ULT,
c2535,New York Back Raise,2020000,MAS,
c2535,New York Back Raise,2020000,ULT,
c2549,どこにもいかない,2020000,MAS,
c2549,どこにもいかない,2020000,ULT,
c2550,ラビットランド・メッセンジャー,2020000,MAS,
c2550,ラビットランド・メッセンジャー,2020000,ULT,
c2553,オン×ステージ！,2020000,MAS,
c2553,オン×ステージ！,2020000,ULT,
c2554,MarbleBlue.,2020000,MAS,
c2554,MarbleBlue.,2020000,ULT,
c2555,Sage,2020000,MAS,
c2555,Sage,2020000,ULT,
c2556,Mutation,2020000,MAS,
c2556,Mutation,2020000,ULT,
c2557,Adverse Gaff,2020000,MAS,
c2557,Adverse Gaff,2020000,ULT,
c2559,Catch Me If You Can,2020000,MAS,
c2559,Catch Me If You Can,2020000,ULT,
c2566,少女PastQ,2020000,MAS,
c2566,少女PastQ,2020000,ULT,
c2567,君と夏色っ！～わんダフルバケーション～,2020000,MAS,
c2567,君と夏色っ！～わんダフルバケーション～,2020000,ULT,
c2568,MyPaceInvention,2020000,MAS,
c2568,MyPaceInvention,2020000,ULT,
c2569,colorful,2020000,MAS,
c2569,colorful,2020000,ULT,
c2570,ZegalltA,2020000,MAS,
c2570,ZegalltA,2020000,ULT,
c2571,ウニの歌,2020000,MAS,
c2571,ウニの歌,2020000,ULT,
c2572,驚異の魔法,2020000,MAS,
c2572,驚異の魔法,2020000,ULT,
c2573,liberate,2020000,MAS,
c2573,liberate,2020000,ULT,
c2574,lucky omen,2020000,MAS,
c2574,lucky omen,2020000,ULT,
c2575,Sunlight Starlight,2020000,MAS,
c2575,Sunlight Starlight,2020000,ULT,
c2576,ワーカーホリック,2020000,MAS,
c2576,ワーカーホリック,2020000,ULT,
c2577,Overturn,2020000,MAS,
c2577,Overturn,2020000,ULT,
c2578,First Light,2020000,MAS,
c2578,First Light,2020000,ULT,
c2579,ラストピースに祝福と栄光を,2020000,MAS,
c2579,ラストピースに祝福と栄光を,2020000,ULT,
c2583,SILENT BLUE,2020000,MAS,
c2583,SILENT BLUE,2020000,ULT,
c2582,Ultimate Force,2020000,MAS,
